-0.33288,0.988,-0.06975,-2.748,-1.173,-1.194,0.496,4.161,1.906,0.994694216,0
-0.32735,0.85386,-0.06907,-2.853,-1.232,-1.572,0.243,3.762,2.504,1.038233555,0
-0.35323,0.85832,-0.01685,-2.683,-1.047,-1.155,0.51,3.856,2.51,0.88547914,0
-0.298231758,0.923032527,-0.084242747,-3.798,-1.273,-1.997,1.229,4.862,3.496,0.770472237,0
-0.298200067,0.922979443,-0.084874635,-3.798,-1.273,-1.997,1.229,4.862,3.496,0.766641682,0
-0.32135,1.00527,-0.07788,-2.607,-0.985,-1.408,0.54,4.267,2.61,1.071433752,0
-0.2979175,0.922199432,-0.084983068,-3.798,-1.273,-1.997,1.229,4.862,3.496,0.763320676,0
-0.249,0.9315,-0.164,-0.252,0.93,-0.167,-0.246,0.933,-0.161,0.346798167,0
-0.297170783,0.923214891,-0.086333804,-3.798,-1.273,-1.997,1.229,4.862,3.496,0.753916575,0
-0.25534,0.87151,-0.04351,-2.965,-1.205,-1.302,0.581,4.566,2.226,0.852539572,0
-0.31885,0.93321,-0.07409,-2.499,-1.202,-1.754,0.499,4.484,2.375,1.071769025,0
-0.31104,1.03394,-0.04542,-2.941,-1.141,-1.323,0.279,4.015,2.287,1.014155247,0
-0.37257,0.94068,-0.01968,-3.235,-1.17,-1.516,0.381,4.009,2.587,1.031172643,0
-0.2702,0.8517,0.028,-0.628,0.158,-0.194,-0.003,1.56,0.346,0.336549247,0
-0.295918071,0.922464946,-0.091083967,-3.798,-1.273,-1.997,1.229,4.862,3.496,0.718736232,0
-0.296654063,0.924180595,-0.089256985,-3.798,-1.273,-1.997,1.229,4.862,3.496,0.734406197,0
-0.308046667,0.953564444,-0.057128889,-3.674,-1.267,-1.927,0.713,4.141,2.364,0.98418771,0
-0.296415455,0.922722987,-0.089975974,-3.798,-1.273,-1.997,1.229,4.862,3.496,0.730940409,0
-0.295992247,0.922458651,-0.091196001,-3.798,-1.273,-1.997,1.229,4.862,3.496,0.719145216,0
-0.296188133,0.922394,-0.0906428,-3.798,-1.273,-1.997,1.229,4.862,3.496,0.723268269,0
-0.295141468,0.923505889,-0.091795672,-3.798,-1.273,-1.997,1.229,4.862,3.496,0.716275433,0
-0.295107397,0.923404521,-0.091830959,-3.798,-1.273,-1.997,1.229,4.862,3.496,0.716305663,0
-0.295301042,0.923451704,-0.092565615,-3.798,-1.273,-1.997,1.229,4.501,3.496,0.709568468,0
0.31252,-0.94831,-0.0438,-0.889,-3.748,-0.739,1.657,0.827,0.912,0.77510926,1
0.29463,-0.95816,-0.08313,-0.95,-4.284,-0.903,1.718,0.859,1.202,0.858453472,1
0.24584,-1.00798,-0.07103,-0.698,-4.425,-0.839,1.713,0.883,1.1,0.762583291,1
0.285833111,-0.987704667,-0.077090444,-1.173,-4.812,-1.032,2.059,0.991,1.381,0.784462601,1
0.285385935,-0.987832311,-0.077074188,-1.173,-4.812,-1.032,2.059,0.991,1.381,0.783545719,1
0.27546,-0.90451,-0.05844,-0.372,-3.522,-0.801,1.897,0.757,0.941,0.637618191,1
0.28550931,-0.988690115,-0.077246782,-1.173,-4.812,-1.032,2.059,0.991,1.381,0.78528893,1
0.23,-1.2905,-0.302,0.208,-1.402,-0.305,0.252,-1.179,-0.299,0.481446967,1
0.284708165,-0.987066532,-0.076999048,-1.173,-4.812,-1.032,2.059,0.991,1.381,0.784040615,1
0.28428,-0.86486,-0.08157,-0.692,-4.543,-0.883,1.745,0.748,1.041,0.754744311,1
0.22637,-0.97604,-0.08417,-0.299,-4.299,-0.845,1.713,0.739,1.117,0.670611763,1
0.31106,-1.06932,-0.07789,-0.736,-4.05,-0.842,1.783,0.651,1.214,0.840572331,1
0.32599,-0.96947,-0.06728,-0.739,-4.229,-0.839,1.66,0.809,1.144,0.830914683,1
0.1774,-0.2436,0.0185,-0.129,-1.088,-0.114,0.513,0.211,0.123,0.103510714,1
0.284958047,-0.987480193,-0.077172765,-1.173,-4.812,-1.032,2.059,0.953,1.381,0.785736607,1
0.284668787,-0.987650221,-0.077312127,-1.173,-4.812,-1.032,2.059,0.953,1.381,0.784860518,1
0.277313636,-0.974613636,-0.077181818,-0.827,-4.367,-0.924,1.798,0.818,1.041,0.759096493,1
0.284554868,-0.986996447,-0.077125789,-1.173,-4.812,-1.032,2.059,0.953,1.381,0.785131838,1
0.285044616,-0.988365877,-0.07733572,-1.173,-4.812,-1.032,2.059,0.953,1.381,0.786445769,1
0.285089459,-0.989169054,-0.077306622,-1.173,-4.812,-1.032,2.059,0.953,1.381,0.786813596,1
0.284679117,-0.987779228,-0.07715218,-1.173,-4.812,-1.032,2.059,0.953,1.381,0.785725549,1
0.284743194,-0.987685,-0.07714875,-1.173,-4.812,-1.032,2.059,0.953,1.381,0.785816622,1
0.284609826,-0.988541845,-0.077201657,-1.173,-4.812,-1.032,2.059,0.953,1.381,0.785966192,1
0.31674,-0.97876,0.13833,-0.944,-4.716,-0.587,1.848,0.575,1.419,0.873834347,2
0.27937,-0.85002,0.14891,-1.155,-5.208,-0.39,1.443,0.49,1.528,0.792506786,2
0.335,-1.01394,0.14832,-0.777,-5.111,-0.525,1.387,0.51,1.449,1.069960639,2
0.27368764,-0.925330112,0.141828876,-1.416,-5.792,-0.821,1.982,0.713,1.774,0.88187394,2
0.274101011,-0.92492404,0.142055045,-1.416,-5.792,-0.821,1.982,0.713,1.774,0.882496324,2
0.29124,-0.73028,0.11064,-0.484,-4.853,-0.484,1.296,0.545,1.425,0.737547293,2
0.273972326,-0.92731314,0.142390233,-1.416,-5.792,-0.821,1.982,0.713,1.774,0.884300176,2
-0.0265,0.4065,-0.0525,-0.082,0.361,-0.079,0.029,0.452,-0.026,0.055520567,2
0.273732956,-0.925029993,0.141892315,-1.416,-5.792,-0.821,1.982,0.713,1.774,0.882016678,2
0.31033,-0.75377,0.10196,-0.874,-4.798,-0.56,1.528,0.54,1.352,0.793566478,2
0.25934,-1.10013,0.15658,-1.252,-5.434,-0.692,1.446,0.551,1.434,1.081126574,2
0.30375,-0.83779,0.11601,-0.845,-4.76,-0.595,1.284,0.578,1.287,0.812478066,2
0.21966,-0.99915,0.19599,-0.804,-4.056,-0.39,1.419,0.569,1.32,0.802230151,2
1.0912,-1.9892,0.3853,0.912,-5.059,-0.346,1.314,-0.249,1.472,2.957050438,2
0.272454178,-0.92745,0.142739276,-1.416,-5.792,-0.821,1.982,0.713,1.663,0.88818741,2
0.272992107,-0.925273612,0.141976585,-1.416,-5.792,-0.821,1.982,0.713,1.663,0.882894879,2
0.3026,-0.914174419,0.134611628,-0.953,-5.059,-0.581,1.613,0.639,1.472,0.841935846,2
0.272838,-0.926539067,0.141951067,-1.416,-5.792,-0.821,1.982,0.713,1.663,0.884967477,2
0.271386642,-0.925761573,0.142365728,-1.416,-5.792,-0.821,1.982,0.713,1.663,0.885306257,2
0.27216137,-0.927263562,0.142858219,-1.416,-5.792,-0.821,1.982,0.713,1.663,0.886195738,2
0.27229893,-0.927267249,0.142708955,-1.416,-5.792,-0.821,1.982,0.713,1.663,0.888139511,2
0.272263662,-0.927555352,0.142816479,-1.416,-5.792,-0.821,1.982,0.713,1.663,0.888321669,2
0.27085439,-0.926783541,0.142969864,-1.416,-5.792,-0.821,1.982,0.713,1.663,0.888350414,2
0.1724,-1.01808,0.08818,-1.501,-5.396,-0.416,1.531,1.299,0.786,1.206381421,3
0.11665,-0.90777,0.07125,-1.384,-5.522,-0.346,1.569,1.396,0.842,1.084030242,3
0.19084,-0.86815,0.09898,-1.481,-4.968,-0.431,1.739,1.481,0.748,0.983016876,3
0.138432558,-0.983708023,0.084639884,-1.815,-5.707,-0.686,2.642,1.771,1.525,1.117454894,3
0.13906308,-0.983087122,0.084817662,-1.815,-5.707,-0.686,2.642,1.771,1.525,1.118096519,3
0.11429,-1.05659,0.07466,-1.481,-5.393,-0.39,1.716,1.352,0.698,1.153521754,3
0.139251325,-0.981932169,0.084862651,-1.815,-5.707,-0.686,2.642,1.771,1.525,1.116852766,3
1.384,-4.6215,0.3225,0.95,-5.111,-0.144,1.818,-4.132,0.789,8.476361867,3
0.139083229,-0.982728818,0.084805799,-1.815,-5.707,-0.686,2.642,1.771,1.525,1.117736809,3
0.16267,-0.83671,0.08445,-1.463,-5.51,-0.396,1.531,1.396,0.997,0.915830798,3
0.12311,-1.02165,0.08337,-1.455,-5.481,-0.405,1.76,1.305,1,1.17967289,3
0.13226,-1.06624,0.10243,-1.628,-5.595,-0.419,1.842,1.287,0.874,1.109332317,3
0.11954,-1.03691,0.08195,-1.545,-5.469,-0.367,1.689,1.059,0.985,1.132645608,3
-0.1938,-0.9174,0.0324,-0.674,-2.44,-0.158,0.173,0.205,0.49,0.482502938,3
0.138775977,-0.981511867,0.084364399,-1.815,-5.707,-0.686,2.642,1.771,1.525,1.118673622,3
0.139070939,-0.982909614,0.08458573,-1.815,-5.707,-0.686,2.642,1.771,1.525,1.119271481,3
0.1367225,-0.9939175,0.08642,-1.645,-5.628,-0.402,1.991,1.44,0.789,1.096573012,3
0.139005139,-0.984097222,0.084521528,-1.815,-5.707,-0.686,2.642,1.771,1.525,1.120771619,3
0.13937395,-0.98203115,0.084568676,-1.815,-5.707,-0.686,2.642,1.771,1.525,1.120570556,3
0.139018429,-0.982503714,0.084550286,-1.815,-5.707,-0.686,2.642,1.771,1.525,1.120197247,3
0.140129962,-0.982113937,0.08479065,-1.815,-5.707,-0.686,2.642,1.771,1.525,1.12048334,3
0.140012059,-0.981536471,0.084685294,-1.815,-5.707,-0.686,2.642,1.771,1.525,1.119504769,3
0.139597546,-0.98305256,0.084617843,-1.815,-5.707,-0.686,2.642,1.771,1.525,1.119963667,3
0.28497,-0.92946,0.20159,-0.299,-3.493,-0.595,1.305,0.692,1.982,0.771385544,4
0.32693,-1.04321,0.1861,-0.387,-3.293,-0.425,1.15,0.569,1.859,0.75944355,4
0.35023,-1.00592,0.21373,-0.261,-3.578,-0.548,1.161,0.636,2.155,0.886616473,4
0.318249765,-0.955860235,0.197171412,-0.504,-3.751,-0.689,1.66,0.765,2.311,0.772761467,4
0.318750301,-0.957812816,0.197344375,-0.504,-3.751,-0.689,1.66,0.765,2.311,0.774384284,4
0.31321,-0.98418,0.18126,-0.24,-3.449,-0.613,1.349,0.73,1.93,0.834079178,4
0.318822561,-0.957290732,0.197535,-0.504,-3.751,-0.689,1.66,0.765,2.311,0.773601892,4
-0.176,-1.4795,-0.006,-0.202,-1.496,-0.1,-0.15,-1.463,0.088,0.523808967,4
0.318610352,-0.956845988,0.197437231,-0.504,-3.751,-0.689,1.66,0.765,2.311,0.773502784,4
0.30005,-0.86373,0.1665,-0.258,-3.68,-0.657,1.314,0.545,1.845,0.692534634,4
0.34416,-1.03009,0.20688,-0.302,-3.654,-0.519,1.235,0.595,1.531,0.854486859,4
0.30348,-1.02703,0.19869,-0.243,-3.411,-0.531,1.484,0.663,2.053,0.771861356,4
0.36365,-0.97585,0.23307,-0.264,-3.449,-0.387,1.372,0.566,1.739,0.849843734,4
0.2747,-1.0438,0.1983,-0.018,-1.507,-0.062,0.63,-0.29,0.402,0.462077237,4
0.318220528,-0.956492375,0.197230499,-0.504,-3.751,-0.689,1.578,0.765,2.211,0.772554531,4
0.318313941,-0.957205221,0.197338795,-0.504,-3.751,-0.689,1.66,0.765,2.311,0.773701422,4
0.320882051,-0.973605128,0.199871795,-0.361,-3.598,-0.572,1.66,0.701,2.311,0.788333883,4
0.318459577,-0.956230563,0.197378592,-0.504,-3.751,-0.689,1.66,0.765,2.296,0.773369577,4
0.31822842,-0.956340722,0.197206694,-0.504,-3.751,-0.689,1.578,0.765,2.211,0.77291428,4
0.318297971,-0.957358696,0.197127826,-0.504,-3.751,-0.689,1.578,0.765,2.211,0.772590534,4
0.318178007,-0.957012832,0.196885407,-0.504,-3.751,-0.689,1.578,0.765,2.185,0.772072937,4
0.318314478,-0.957129552,0.196927164,-0.504,-3.751,-0.689,1.578,0.765,2.185,0.772201258,4
0.317677176,-0.956422024,0.196306367,-0.504,-3.751,-0.689,1.578,0.765,2.185,0.770455586,4
-0.12605,0.89712,-0.02521,-1.809,-0.795,-0.742,1.804,4.839,0.493,0.92563346,5
-0.15193,0.86826,0.00106,-1.751,-0.933,-0.736,1.663,4.628,0.619,0.749636134,5
-0.13045,1.04444,-0.01775,-1.522,-0.777,-0.765,1.745,5.305,0.619,0.981629247,5
-0.158191852,0.974064321,-0.01168963,-2.152,-1.267,-0.85,1.93,5.299,0.742,0.910092204,5
-0.157522906,0.972909517,-0.0115367,-2.152,-1.267,-0.85,1.93,5.299,0.742,0.908484467,5
-0.14048,0.87391,-0.01666,-1.657,-0.786,-0.751,1.754,4.859,0.478,0.866372914,5
-0.157809231,0.974094359,-0.011446923,-2.152,-1.267,-0.85,1.93,5.299,0.742,0.90912335,5
0.015,0.5865,0.0925,-0.07,0.572,0.018,0.1,0.601,0.167,0.082081467,5
-0.159167422,0.97366409,-0.009990936,-2.152,-1.267,-0.85,1.93,5.299,0.742,0.909160861,5
-0.23125,1.0216,0.00517,-1.774,-0.918,-0.804,1.572,4.765,0.507,0.992501542,5
-0.17416,0.86433,-0.00813,-1.789,-0.842,-0.765,1.411,4.909,0.587,0.841586073,5
-0.09528,0.94239,-0.05251,-1.531,-0.748,-0.768,1.595,4.944,0.572,0.796481795,5
-0.16253,1.0689,-0.02344,-1.774,-0.988,-0.804,1.314,5.109,0.569,1.003201292,5
0.1128,0.2615,0.0874,-0.167,-0.24,-0.079,0.314,0.809,0.258,0.056433886,5
-0.159085913,0.972972601,-0.008613777,-2.152,-1.267,-0.85,1.93,5.299,0.742,0.909170529,5
-0.15877536,0.975551602,-0.009381211,-2.152,-1.267,-0.85,1.93,5.299,0.742,0.910299112,5
-0.140611429,1.005602857,-0.021671429,-1.921,-1.035,-0.798,1.73,4.965,0.648,0.908322702,5
-0.159903134,0.974151791,-0.008856716,-2.152,-1.267,-0.85,1.93,5.299,0.742,0.910486753,5
-0.15949473,0.97382517,-0.008706293,-2.152,-1.267,-0.85,1.93,5.299,0.742,0.910227767,5
-0.159844923,0.97391,-0.008410769,-2.152,-1.267,-0.85,1.93,5.299,0.742,0.909299563,5
-0.159313075,0.974990003,-0.008578388,-2.152,-1.267,-0.85,1.93,5.299,0.742,0.910987381,5
-0.159350159,0.975344127,-0.008603016,-2.152,-1.267,-0.85,1.93,5.299,0.742,0.911189516,5
-0.158763848,0.973179941,-0.007987873,-2.152,-1.267,-0.85,1.862,5.299,0.742,0.910064223,5
0.20782,-0.68115,0.52632,-0.587,-2.792,-0.771,0.891,0.352,3.029,0.702605963,6
0.32449,-0.70657,0.70814,-0.331,-3.229,-0.853,1.082,0.449,3.771,1.043424704,6
0.35337,-0.77156,0.74508,-0.402,-2.54,-0.894,1.284,0.466,3.375,0.972501433,6
0.284073158,-0.765059211,0.583409474,-0.938,-3.554,-1.927,1.918,0.736,4.161,0.871692861,6
0.283598082,-0.767595515,0.582538233,-0.938,-3.551,-1.927,1.918,0.736,4.161,0.870996036,6
0.3496,-0.77467,0.70479,-0.472,-2.595,-1.601,1.141,0.431,3.889,1.000766216,6
0.282808904,-0.767528493,0.580726712,-0.938,-3.551,-1.927,1.918,0.736,4.161,0.869178919,6
-0.0305,-1.761,2.016,-0.07,-1.868,1.704,0.009,-1.654,2.328,2.903944167,6
0.282100543,-0.768506998,0.580415738,-0.938,-3.551,-1.927,1.918,0.736,4.161,0.867914849,6
0.25798,-0.74882,0.51554,-0.938,-2.918,-0.554,1.094,0.273,2.683,0.767777484,6
0.21149,-0.73571,0.55976,-0.806,-3.07,-0.971,0.979,0.405,2.877,0.773628391,6
0.35049,-0.89689,0.52088,-0.384,-2.554,-1.51,1.44,0.437,3.211,0.954761268,6
0.33356,-0.72473,0.69874,-0.499,-2.809,-1.176,1.246,0.504,3.569,0.961288926,6
0.2007,-0.8589,0.3887,-0.308,-1.692,-0.317,0.437,-0.205,2.126,0.677734006,6
0.280522962,-0.769462729,0.579344592,-0.721,-3.551,-1.927,1.672,0.736,4.103,0.865387521,6
0.280119645,-0.76903126,0.579814821,-0.721,-3.551,-1.927,1.918,0.736,4.161,0.865513532,6
0.272393333,-0.759506667,0.58109,-0.663,-2.977,-1.196,1.918,0.408,4.161,0.860563706,6
0.280210968,-0.770838226,0.580847097,-0.721,-3.551,-1.927,1.918,0.736,4.161,0.867108282,6
0.280612796,-0.769367044,0.579721759,-0.721,-3.551,-1.927,1.672,0.736,4.103,0.865751338,6
0.280656,-0.769313667,0.579662333,-0.721,-3.551,-1.927,1.672,0.736,4.103,0.86571392,6
0.280951568,-0.770806791,0.580987418,-0.721,-3.551,-1.927,1.672,0.736,4.103,0.870174381,6
0.281084828,-0.770709483,0.580737241,-0.721,-3.551,-1.927,1.672,0.736,4.103,0.870090399,6
0.280119779,-0.769093717,0.579290253,-0.721,-3.551,-1.927,1.672,0.736,4.103,0.867436136,6
-0.20849,0.79051,0.5251,-1.387,-0.455,-0.672,0.457,3.95,2.264,0.607183878,7
-0.23789,0.88505,0.58578,-1.261,-0.707,-0.616,0.607,3.589,2.176,0.762043177,7
-0.23203,0.80426,0.48748,-1.868,-0.783,-0.868,0.73,3.927,2.249,0.775678803,7
-0.251417536,0.831395797,0.489523478,-2.37,-1.305,-0.971,1.094,4.953,2.636,0.765835981,7
-0.252513429,0.832675619,0.489327067,-2.37,-1.305,-0.971,1.094,4.953,2.636,0.768458555,7
-0.25964,0.89475,0.47272,-1.891,-0.516,-0.578,0.666,3.944,1.868,0.720131786,7
-0.252517121,0.831707121,0.489712727,-2.37,-1.305,-0.971,1.094,4.953,2.636,0.769280438,7
-0.0265,2.3545,0.2375,-0.094,2.035,0.029,0.041,2.674,0.446,1.422782967,7
-0.253205014,0.83245668,0.490066328,-2.37,-1.305,-0.971,1.094,4.953,2.636,0.772679725,7
-0.22891,0.87811,0.587,-1.226,-0.522,-0.633,0.666,3.824,2.129,0.768083447,7
-0.18712,0.74809,0.48958,-1.554,-0.633,-0.806,0.651,3.789,2.123,0.698550812,7
-0.19917,0.8403,0.51885,-1.669,-0.628,-0.352,0.504,3.76,2.232,0.663806205,7
-0.21573,0.91455,0.55714,-1.721,-0.724,-0.815,0.677,3.806,2.018,0.823764194,7
0.1214,-0.1988,0.3471,-0.255,-0.314,0.029,0.355,-0.076,0.962,0.104599679,7
-0.266504647,0.82890855,0.488664684,-2.37,-1.305,-0.971,1.094,4.953,2.636,0.788023183,7
-0.260619779,0.831517315,0.487485541,-2.37,-1.305,-0.971,1.094,4.953,2.636,0.781748782,7
-0.108530435,0.847373913,0.458065217,-1.39,-0.572,-0.279,0.686,3.642,2.17,0.608344718,7
-0.263725091,0.829388,0.488987273,-2.37,-1.305,-0.971,1.094,4.953,2.636,0.784883602,7
-0.268800075,0.82961241,0.489004527,-2.37,-1.305,-0.971,1.094,4.953,2.636,0.790193603,7
-0.268937925,0.829560943,0.489132075,-2.37,-1.305,-0.971,1.094,4.953,2.636,0.790280817,7
-0.272650137,0.82802352,0.487605645,-2.37,-1.305,-0.971,1.094,4.953,2.636,0.791193964,7
-0.272796078,0.827506471,0.487468039,-2.37,-1.305,-0.971,1.094,4.953,2.636,0.790949443,7
-0.276380661,0.826187678,0.487074051,-2.37,-1.305,-0.971,1.094,4.953,2.636,0.793610442,7
0.23927,-0.73884,0.37572,-1.801,-4.985,-0.718,3.499,1.076,5.595,1.446371214,8
0.1851,-0.75946,0.29189,-1.93,-4.308,-0.739,4.607,0.959,5.317,1.178587704,8
0.2101,-0.90858,0.43485,-2.17,-4.49,-0.716,4.845,0.991,5.413,1.532100216,8
0.214162857,-0.802285556,0.381270952,-2.487,-5.1,-0.968,5.543,1.235,5.783,1.384872792,8
0.214106686,-0.803406752,0.381590298,-2.487,-5.1,-0.968,5.543,1.235,5.783,1.385222903,8
0.22147,-0.85876,0.3802,-1.915,-4.554,-0.856,5.243,1.082,5.129,1.526804821,8
0.214105167,-0.802847333,0.381881833,-2.487,-5.1,-0.968,5.543,1.235,5.783,1.383375507,8
-0.173,0.2755,-0.308,-0.188,0.249,-0.343,-0.158,0.302,-0.273,0.0755075,8
0.21309786,-0.803397054,0.382039284,-2.364,-5.1,-0.968,5.543,1.235,5.757,1.380824201,8
0.19842,-0.81717,0.42327,-1.953,-5.091,-0.745,4.17,0.827,5.097,1.226441038,8
0.25524,-0.87559,0.40873,-1.924,-5.056,-0.754,4.859,0.991,5.51,1.564495901,8
0.2603,-0.64774,0.27179,-2.032,-4.551,-0.912,4.548,1.106,4.985,1.293844884,8
0.12421,-0.94953,0.49259,-2.053,-4.545,-0.757,3.982,0.93,5.214,1.366239427,8
0.2475,0.5697,-0.1726,-0.182,-0.009,-0.296,0.589,0.962,0.003,0.168482602,8
0.21373781,-0.801775,0.380427686,-2.349,-5.1,-0.968,5.543,1.235,5.757,1.382203857,8
0.214054578,-0.801635346,0.380176529,-2.349,-5.1,-0.968,5.543,1.235,5.757,1.380194735,8
0.229523529,-0.7213,0.342323529,-2.073,-4.455,-0.798,4.806,1.067,5.226,1.270477332,8
0.214062857,-0.805030816,0.382273673,-2.349,-5.1,-0.968,5.543,1.235,5.757,1.385738793,8
0.213104636,-0.801864738,0.380734368,-2.349,-5.1,-0.968,5.543,1.235,5.757,1.381965562,8
0.21328,-0.80190383,0.380766596,-2.349,-5.1,-0.968,5.543,1.235,5.757,1.382282921,8
0.21270813,-0.800903598,0.379331853,-2.349,-5.1,-0.968,5.543,1.235,5.757,1.382314479,8
0.212844222,-0.80138,0.379571556,-2.349,-5.1,-0.968,5.543,1.235,5.757,1.382904751,8
0.212417015,-0.801902603,0.38155788,-2.349,-5.1,-0.968,5.543,1.235,5.757,1.386946477,8
0.65944,0.78529,0.28983,-0.352,-1.047,-0.809,2.818,4.739,1.663,0.910669691,9
0.53742,0.74891,0.24741,-0.196,-0.924,-0.487,2.897,5.56,1.754,0.884173277,9
0.53141,0.79888,0.20767,-0.282,-0.953,-0.501,2.941,5.226,1.531,0.830605953,9
0.566713833,0.8142345,0.3313515,-0.51,-1.273,-1.273,2.982,5.716,2.17,0.872866145,9
0.566046363,0.811902792,0.33320355,-0.51,-1.273,-1.273,2.982,5.716,2.17,0.870674884,9
0.62699,0.82682,0.28308,-0.437,-0.845,-0.88,2.229,4.927,1.537,0.925909721,9
0.564766842,0.811711579,0.333966667,-0.51,-1.273,-1.273,2.982,5.716,2.17,0.869918379,9
1.89,1.491,0.657,1.748,0.894,0.425,2.032,2.088,0.889,0.4888316,9
0.564758608,0.812670122,0.337481303,-0.51,-1.273,-1.273,2.982,5.716,2.17,0.871693273,9
0.56873,0.90883,0.30001,-0.188,-0.941,-0.317,2.877,4.795,1.587,0.878217956,9
0.65279,0.72474,0.29726,-0.51,-0.903,-0.689,2.897,4.619,1.616,0.930805245,9
0.5109,0.69068,0.29779,-0.422,-1.032,-0.46,2.378,5.085,1.906,0.805151183,9
0.54828,0.92901,0.28985,-0.314,-1.018,-0.413,2.657,5.716,1.748,0.871228607,9
0.248,-0.4039,0.0596,-0.232,-0.628,-0.419,0.88,0.062,1.029,0.222520162,9
0.56337221,0.811680744,0.344500438,-0.431,-1.273,-1.273,2.982,5.698,2.17,0.870945387,9
0.564086772,0.814411952,0.342778818,-0.44,-1.273,-1.273,2.982,5.698,2.17,0.87212841,9
0.542542857,0.787021429,0.25715,-0.44,-0.982,-0.877,2.672,4.757,1.748,0.845980707,9
0.56417413,0.81423587,0.344008913,-0.431,-1.273,-1.273,2.982,5.698,2.17,0.870510726,9
0.56086915,0.810736256,0.346326215,-0.431,-1.273,-1.273,2.982,5.698,2.17,0.869556764,9
0.560671591,0.810728864,0.346247045,-0.431,-1.273,-1.273,2.982,5.698,2.17,0.869730682,9
0.562313184,0.815306283,0.349553784,-0.431,-1.273,-1.273,2.982,5.698,2.17,0.870396029,9
0.56192619,0.815353095,0.3492,-0.431,-1.273,-1.273,2.982,5.698,2.17,0.870583441,9
0.560301599,0.811568216,0.352053723,-0.431,-1.273,-1.273,2.982,5.698,2.17,0.869181947,9
-0.48004,-0.76433,-0.12073,-2.402,-2.871,-0.789,0.117,0.422,1.1,0.438464353,10
-0.52741,-0.81959,-0.0729,-1.968,-3.205,-0.639,0.17,0.469,0.795,0.452813742,10
-0.51312,-0.81741,-0.11123,-2.484,-2.88,-0.806,0.217,0.455,1.267,0.502363508,10
-0.484644481,-0.826152771,-0.13689081,-3.082,-3.343,-1.029,0.352,0.569,1.504,0.195918872,10
-0.484973403,-0.827863286,-0.138049714,-3.082,-3.32,-1.029,0.352,0.569,1.504,0.184029825,10
-0.54271,-0.82829,-0.06476,-3.082,-3.012,-0.751,0.352,0.396,1.504,0.503593327,10
-0.483346762,-0.827798827,-0.140007394,-2.903,-3.32,-1.029,0.282,0.569,1.463,0.175871744,10
-0.483346762,-0.827798827,-0.140007394,-2.903,-3.32,-1.029,0.282,0.569,1.463,0.175871744,10
-0.479792437,-0.826873861,-0.142171681,-2.903,-2.988,-1.029,0.229,0.569,1.463,0.151212866,10
-0.50879,-0.80083,-0.11739,-2.727,-2.988,-0.739,0.214,0.554,1.279,0.486126275,10
-0.52005,-0.77986,-0.08145,-2.334,-2.944,-0.689,0.229,0.569,1,0.399278576,10
-0.48163,-0.80704,-0.11753,-2.613,-2.446,-0.616,0.188,0.446,1.387,0.441007601,10
-0.4889,-0.86606,-0.14283,-1.695,-2.692,-0.768,0.123,0.229,0.516,0.238939519,10
-0.4314,-0.7093,-0.0424,-0.472,-0.85,-0.167,-0.381,-0.507,0.009,0.083753206,10
-0.470053176,-0.832088508,-0.148726267,-1.302,-1.575,-1.029,-0.015,-0.337,0.302,0.104802189,10
-0.474105029,-0.832775915,-0.148564831,-1.405,-1.589,-1.029,0.059,-0.258,0.302,0.10792444,10
-0.558707692,-0.840707692,-0.135853846,-1.405,-1.589,-0.935,0.059,-0.258,0.223,0.174172884,10
-0.472758682,-0.833342665,-0.149132176,-1.302,-1.575,-1.029,-0.015,-0.337,0.302,0.105763348,10
-0.470612657,-0.833794129,-0.150796416,-1.261,-1.554,-1.029,-0.067,-0.337,0.302,0.102237003,10
-0.470548436,-0.833651411,-0.150790236,-1.261,-1.554,-1.029,-0.067,-0.337,0.302,0.102193669,10
-0.469210896,-0.833358234,-0.152737103,-1.196,-1.475,-1.029,-0.073,-0.358,0.17,0.099174368,10
-0.469274979,-0.83352436,-0.15274071,-1.196,-1.475,-1.029,-0.073,-0.358,0.17,0.099194867,10
-0.466548358,-0.832793972,-0.15345794,-1.176,-1.416,-0.903,-0.091,-0.358,0.17,0.09662967,10
0.25602,-0.91455,-0.08776,-0.762,-3.352,-2.1,1.88,0.328,0.548,0.698673205,11
0.31242,-0.9586,-0.09841,-0.824,-3.39,-2.088,2.27,0.276,0.66,0.761528546,11
0.32207,-0.99171,-0.11048,-0.836,-3.405,-2.158,1.88,0.569,0.704,0.850444259,11
0.266744464,-0.964453393,-0.125348393,-1.117,-4.68,-2.543,2.774,0.61,1.053,0.6265401,11
0.26404776,-0.962684191,-0.12726157,-1.117,-4.68,-2.543,2.774,0.61,1.053,0.619041173,11
0.27526,-0.9345,-0.15021,-0.959,-3.381,-2.413,2.029,0.39,0.572,0.779812144,11
0.26387566,-0.963190755,-0.126733962,-1.117,-4.68,-2.543,2.774,0.61,1.053,0.61618354,11
-0.1145,-0.949,-0.4635,-0.126,-0.968,-0.499,-0.103,-0.93,-0.428,0.1412216,11
0.26059876,-0.965836465,-0.128356457,-1.117,-4.68,-2.543,2.774,0.61,1.053,0.610544713,11
0.37832,-1.01258,-0.06355,-0.566,-3.39,-2.381,1.988,0.337,0.812,0.813058769,11
0.30962,-0.98196,-0.07343,-1.023,-3.164,-1.804,2.446,0.387,0.587,0.807749106,11
0.3971,-0.9729,-0.07845,-0.633,-3.29,-2.543,1.334,0.522,0.613,0.809086491,11
0.29317,-0.95489,-0.0636,-1.018,-3.176,-1.827,2.516,0.425,0.548,0.843881821,11
0.3587,-0.704,-0.433,-0.091,-1.402,-0.501,0.601,0.062,-0.311,0.342338737,11
0.248646556,-0.964847981,-0.139277197,-1.038,-4.68,-2.528,2.774,0.61,1.053,0.577996349,11
0.250388889,-0.966480009,-0.138206416,-1.038,-4.68,-2.528,2.774,0.61,1.053,0.582541605,11
0.33284,-1.01912,-0.12297,-0.83,-2.974,-2.302,1.745,0.563,0.657,0.756106001,11
0.248384524,-0.965469048,-0.138577857,-1.038,-4.68,-2.528,2.774,0.61,1.053,0.578583075,11
0.24695927,-0.964710645,-0.139606447,-1.038,-4.68,-2.528,2.774,0.61,1.053,0.569797404,11
0.2470155,-0.96467825,-0.13952375,-1.038,-4.68,-2.528,2.774,0.61,1.053,0.569948072,11
0.243992898,-0.967624145,-0.141538138,-1.038,-4.68,-2.528,2.774,0.61,1.053,0.56429228,11
0.243861316,-0.967373947,-0.141096316,-1.038,-4.68,-2.528,2.774,0.61,1.053,0.564008021,11
0.240380344,-0.968687118,-0.141342865,-1.038,-4.68,-2.528,2.774,0.61,1.053,0.555578092,11
0.18241,-0.7939,0.27748,-0.572,-3.155,-0.372,1.152,0.663,1.449,0.688414057,12
0.15155,-1.02286,0.27223,-0.455,-3.522,-0.408,1.152,0.639,1.311,0.848176454,12
0.17179,-0.99273,0.33413,-0.587,-3.314,-0.364,0.918,0.642,1.308,0.811353241,12
0.1762,-0.925463818,0.281699455,-0.748,-3.821,-0.513,1.501,0.768,1.698,0.767482684,12
0.175739721,-0.927719917,0.282182761,-0.748,-3.821,-0.513,1.501,0.768,1.698,0.76817934,12
0.13798,-1.04756,0.34036,-0.534,-3.422,-0.343,1.1,0.592,1.431,0.816950828,12
0.176597692,-0.925485,0.281089615,-0.748,-3.821,-0.513,1.501,0.768,1.698,0.76733669,12
-0.3165,-1.8755,0.742,-0.346,-1.959,0.651,-0.287,-1.792,0.833,1.393410667,12
0.176766626,-0.925581395,0.28131069,-0.68,-3.821,-0.513,1.501,0.768,1.698,0.76668247,12
0.21406,-0.90831,0.30714,-0.587,-3.639,-0.328,1.155,0.639,1.469,0.867125052,12
0.17787,-0.8109,0.21448,-0.487,-3.663,-0.346,0.93,0.522,1.431,0.652159615,12
0.12703,-1.02197,0.32861,-0.543,-3.026,-0.513,1.501,0.554,1.636,0.798760401,12
0.22723,-0.97683,0.28657,-0.443,-3.581,-0.293,0.997,0.768,1.311,0.875867644,12
0.5004,-0.6023,0.2317,0.07,-1.9,-0.211,0.889,0.463,1.023,0.491805168,12
0.176919175,-0.927407767,0.282006553,-0.68,-3.821,-0.513,1.419,0.716,1.698,0.765659082,12
0.17621466,-0.925659686,0.281092813,-0.68,-3.821,-0.513,1.419,0.716,1.698,0.764613,12
0.14861,-0.90722,0.25898,-0.569,-3.364,-0.331,1.214,0.625,1.308,0.742641921,12
0.177073415,-0.926110244,0.281641951,-0.68,-3.821,-0.513,1.419,0.716,1.698,0.765304484,12
0.176917222,-0.926686058,0.281552281,-0.674,-3.821,-0.513,1.419,0.716,1.698,0.765023383,12
0.177134359,-0.926820513,0.281622308,-0.674,-3.821,-0.513,1.419,0.716,1.698,0.765091857,12
0.17654349,-0.930302269,0.281351162,-0.674,-3.821,-0.513,1.419,0.716,1.642,0.766855386,12
0.176444054,-0.930015676,0.281334324,-0.674,-3.821,-0.513,1.419,0.716,1.642,0.766745444,12
0.176447459,-0.926822102,0.281147915,-0.674,-3.821,-0.513,1.419,0.716,1.642,0.764444183,12
0.21648,-0.81651,0.08083,-0.372,-4.988,-0.616,1.22,0.991,1.135,0.793972337,13
0.25837,-1.11073,0.12221,-0.144,-4.657,-0.54,1.211,0.853,1.519,0.871428639,13
0.32245,-0.95204,0.1188,-0.326,-4.853,-0.651,1.299,0.974,1.569,0.994445024,13
0.280415185,-0.959803889,0.113254259,-0.739,-5.73,-0.748,1.804,1.375,1.654,0.898769834,13
0.281331411,-0.95963687,0.114104191,-0.475,-5.73,-0.748,1.804,1.375,1.654,0.900797192,13
0.32144,-0.9679,0.10106,-0.238,-5.018,-0.349,1.331,0.944,1.217,0.987066669,13
0.280515098,-0.959738039,0.11441,-0.475,-5.73,-0.748,1.804,1.375,1.654,0.899470327,13
0.2445,-0.5865,-0.0985,0.205,-0.663,-0.103,0.284,-0.51,-0.094,0.142486967,13
0.280665348,-0.960532903,0.11394898,-0.475,-5.73,-0.748,1.804,1.375,1.654,0.900836383,13
0.21515,-0.82305,0.0838,-0.299,-4.305,-0.592,1.402,1.179,0.795,0.761090037,13
0.28653,-1.11378,0.09103,-0.155,-5.006,-0.525,1.381,0.947,0.903,0.875689219,13
0.30661,-0.9346,0.12323,-0.296,-4.985,-0.504,1.132,1,1.323,0.955101755,13
0.21959,-0.83314,0.08579,-0.232,-4.874,-0.736,1.469,1.029,1.308,0.810272977,13
0.4248,-1.8055,0.1109,0.129,-2.83,-0.384,1.012,-0.768,0.481,1.176998685,13
0.283381638,-0.963543424,0.116873201,-0.475,-5.642,-0.748,1.804,1.375,1.654,0.904030268,13
0.283313506,-0.963503169,0.116954169,-0.475,-5.642,-0.748,1.804,1.375,1.654,0.903985765,13
0.27069,-1.07981,0.11748,-0.238,-4.962,-0.384,1.302,1.012,1.126,0.865018971,13
0.28351275,-0.96056925,0.116971,-0.475,-5.642,-0.748,1.804,1.375,1.654,0.905174905,13
0.28347738,-0.963068648,0.117196739,-0.475,-5.642,-0.748,1.804,1.375,1.654,0.905505036,13
0.283435263,-0.962742895,0.117286316,-0.475,-5.642,-0.748,1.804,1.375,1.654,0.905380968,13
0.282857857,-0.958614381,0.116639367,-0.475,-5.642,-0.748,1.804,1.375,1.654,0.904342364,13
0.282840833,-0.958563056,0.116694444,-0.475,-5.642,-0.748,1.804,1.375,1.654,0.904595725,13
0.283762787,-0.961051734,0.117411523,-0.475,-5.642,-0.748,1.804,1.375,1.654,0.909115239,13
-0.09365,0.89014,0.03944,-0.994,-0.859,-0.701,1.082,2.792,0.842,0.601380418,14
-0.11655,0.97407,-0.00079,-1.041,-0.595,-1.625,0.912,2.563,1.182,0.679070058,14
-0.10399,0.99193,0.03028,-1.358,-0.968,-0.754,1.091,2.545,1.018,0.65590471,14
-0.104250377,0.96078434,0.01259717,-1.566,-1.176,-1.674,1.44,2.856,1.273,0.645960558,14
-0.103821639,0.959161505,0.01202058,-1.566,-1.176,-1.674,1.44,2.856,1.273,0.645521107,14
-0.08248,0.936,-0.05027,-1.094,-0.578,-1.654,0.804,2.721,1.114,0.638882094,14
-0.1041798,0.95947,0.0134038,-1.566,-1.176,-1.674,1.44,2.856,1.273,0.645637118,14
-0.5275,2.091,-0.462,-0.859,2.012,-0.534,-0.196,2.17,-0.39,1.832345767,14
-0.1035151,0.961541259,0.01167333,-1.566,-1.176,-1.674,1.44,2.856,1.273,0.646365225,14
-0.12885,0.98673,-0.04024,-1.179,-0.751,-1.276,1.021,2.672,0.941,0.666453245,14
-0.06922,1.00863,0.01944,-1.293,-0.745,-1.446,1.082,2.824,1.059,0.691153093,14
-0.15825,1.00733,0.00579,-1.094,-0.551,-1,1.035,2.54,1.167,0.679256657,14
-0.07356,0.9292,-0.04603,-1.023,-0.827,-1.238,0.666,2.648,1.018,0.621064769,14
-0.1672,0.1592,0.0809,-1.094,-0.088,-0.352,0.63,0.367,0.716,0.174864148,14
-0.101677411,0.960155076,0.012710406,-1.566,-1.176,-1.674,1.44,2.856,1.273,0.643951154,14
-0.101945027,0.961864818,0.011972514,-1.566,-1.176,-1.674,1.44,2.856,1.273,0.644910359,14
-0.14072,0.97146,-0.03483,-1.117,-0.636,-1.337,1.161,2.692,1.129,0.686316901,14
-0.100933333,0.961484103,0.013224615,-1.566,-1.176,-1.674,1.44,2.856,1.273,0.643875812,14
-0.100381415,0.958740411,0.012710427,-1.566,-1.176,-1.66,1.44,2.856,1.273,0.640434875,14
-0.100319189,0.958682432,0.012924324,-1.566,-1.176,-1.66,1.44,2.856,1.273,0.64037942,14
-0.100774415,0.96007253,0.01159052,-1.566,-1.176,-1.66,1.44,2.856,1.273,0.639443032,14
-0.101092,0.959558571,0.011610571,-1.566,-1.176,-1.66,1.44,2.856,1.273,0.639180585,14
-0.101865839,0.962467595,0.010764688,-1.566,-1.176,-1.66,1.44,2.856,1.273,0.640908089,14
0.34628,-0.88796,0.06112,-0.607,-3.578,-0.971,1.968,0.853,1.073,0.758864172,15
0.37003,-1.07908,0.05447,-0.657,-4.199,-0.988,2.029,0.754,1.023,1.014789233,15
0.33105,-0.77894,0.04869,-0.721,-4.296,-0.941,1.821,0.974,1.317,0.743435929,15
0.3447716,-0.9436204,0.0621394,-1.006,-4.663,-1.158,2.628,1.041,1.613,0.861345688,15
0.344306122,-0.942764473,0.062121616,-1.006,-4.663,-1.158,2.628,1.041,1.613,0.860960098,15
0.27003,-0.91401,0.02776,-0.633,-3.771,-0.842,1.774,0.848,1.07,0.822144911,15
0.345774681,-0.943154255,0.062949149,-1.006,-4.663,-1.158,2.628,1.041,1.613,0.861772497,15
0.317,-0.809,-0.1835,0.317,-0.944,-0.22,0.317,-0.674,-0.147,0.262439767,15
0.346079964,-0.939579964,0.06237801,-1.006,-4.663,-1.158,2.628,1.041,1.613,0.86075427,15
0.35897,-0.79828,0.05292,-0.443,-3.733,-0.824,1.672,0.947,1.047,0.724007152,15
0.3124,-0.9973,0.06126,-0.557,-4.056,-0.868,1.768,0.765,1.152,0.816503544,15
0.39274,-0.97747,0.08118,-0.513,-3.815,-0.991,1.815,0.842,1.296,0.922085392,15
0.30502,-0.82814,0.05402,-0.692,-3.941,-0.9,1.889,0.877,1.314,0.77325422,15
0.3601,-0.6387,0.1356,-0.044,-1.367,0.026,0.897,0.282,0.229,0.329100851,15
0.347519074,-0.940279019,0.063705722,-1.006,-4.663,-1.158,2.628,1.041,1.613,0.86834096,15
0.34671799,-0.940881415,0.062915721,-1.006,-4.663,-1.158,2.628,1.041,1.613,0.867181555,15
0.33469,-0.93415,0.05347,-0.563,-4.196,-0.924,1.906,0.903,1.443,0.842834472,15
0.347112778,-0.941626389,0.063246667,-1.006,-4.663,-1.158,2.628,1.041,1.613,0.868268756,15
0.345455614,-0.939702528,0.062306878,-1.006,-4.663,-1.158,2.628,1.041,1.613,0.86453563,15
0.345453529,-0.939753529,0.062461765,-1.006,-4.663,-1.158,2.628,1.041,1.613,0.864893215,15
0.347404435,-0.940886009,0.063356652,-1.006,-4.663,-1.158,2.628,1.041,1.613,0.869688558,15
0.34726125,-0.941150625,0.06342375,-1.006,-4.663,-1.158,2.628,1.041,1.613,0.87006474,15
0.346515989,-0.944428714,0.062281146,-1.006,-4.663,-1.141,2.628,1.041,1.613,0.868646133,15
0.06184,-1.13874,0.07419,-0.584,-3.279,-0.748,1.132,1.114,1.358,0.866504757,16
0.1337,-0.87899,0.06052,-0.598,-3.906,-1.067,1.097,1.097,2.601,0.900843556,16
0.1154,-1.04185,0.0998,-0.613,-3.689,-1.029,1.088,1.041,2.718,0.988936048,16
0.119626889,-0.982652222,0.081592222,-0.988,-4.487,-1.261,1.507,1.434,3.962,0.885281946,16
0.120353556,-0.98265272,0.081680846,-0.988,-4.487,-1.261,1.507,1.434,3.962,0.884784964,16
0.1164,-1.06553,0.1071,-0.821,-3.63,-1.047,1.293,0.792,2.701,1.070560942,16
0.120363333,-0.981325476,0.081200952,-0.988,-4.487,-1.261,1.507,1.434,3.962,0.880728002,16
-0.085,0.248,-0.28,-0.264,0.191,-0.331,0.094,0.305,-0.229,0.0721828,16
0.121667094,-0.984470272,0.081281394,-0.988,-4.487,-1.261,1.507,1.434,3.962,0.88580753,16
0.09287,-1.20209,0.1049,-0.657,-4.284,-1.032,1.126,0.818,2.686,1.097164591,16
0.15857,-0.78645,0.05101,-0.771,-3.384,-0.909,1.082,1.056,2.672,0.780709143,16
0.06018,-1.13933,0.07758,-0.704,-4.032,-0.587,1.032,1.038,2.516,0.895042571,16
0.15058,-0.87511,0.1211,-0.918,-4.12,-0.754,1.252,0.915,3.246,0.985766384,16
0.084,-1.3738,0.1558,-0.17,-1.862,-0.097,0.196,-0.452,0.346,0.583713241,16
0.12172205,-0.980869255,0.081586646,-0.988,-4.487,-1.261,1.507,1.434,3.962,0.879738764,16
0.121138976,-0.982248282,0.081292317,-0.988,-4.487,-1.261,1.507,1.434,3.962,0.882255182,16
0.10528,-1.11091,0.12138,-0.651,-3.757,-0.956,1.15,1.238,2.871,1.075814128,16
0.121606774,-0.978927419,0.080124194,-0.988,-4.487,-1.261,1.507,1.434,3.962,0.876524532,16
0.122521709,-0.978217436,0.080383529,-0.988,-4.487,-1.261,1.507,1.434,3.962,0.879643663,16
0.122666897,-0.978573793,0.080517586,-0.988,-4.487,-1.261,1.507,1.434,3.962,0.8801131,16
0.122436714,-0.977822724,0.08023242,-0.988,-4.487,-1.261,1.507,1.434,3.962,0.87990374,16
0.122607778,-0.978827407,0.080394815,-0.988,-4.487,-1.261,1.507,1.434,3.962,0.880418407,16
0.122754596,-0.977528377,0.081370903,-0.988,-4.487,-1.261,1.507,1.434,3.962,0.886220007,16
0.26102,-1.04258,0.23813,-0.296,-2.933,-0.24,1.378,0.378,0.83,0.708488939,17
0.34292,-1.00054,0.20984,-0.346,-3.067,-0.17,1.906,0.455,0.88,0.790493096,17
0.24949,-0.86154,0.17862,-0.346,-2.848,-0.173,1.496,0.493,0.724,0.609729127,17
0.268415952,-0.972887619,0.210125238,-0.575,-3.381,-0.334,1.572,0.827,1.044,0.745061616,17
0.268724888,-0.971835082,0.209108196,-0.575,-3.381,-0.334,1.469,0.827,1.044,0.745051862,17
0.25232,-1.03142,0.2597,-0.302,-2.944,-0.208,1.287,0.346,0.804,0.710970089,17
0.269142821,-0.970810256,0.207916154,-0.575,-3.381,-0.334,1.469,0.827,1.044,0.746297545,17
0.447,-0.2665,0.0275,0.419,-0.328,0.026,0.475,-0.205,0.029,0.104693867,17
0.269197946,-0.973606052,0.207385064,-0.575,-3.243,-0.334,1.469,0.827,1.044,0.746556197,17
0.26734,-1.05561,0.19634,-0.352,-3.085,-0.158,1.232,0.827,0.845,0.850311546,17
0.24936,-1.01798,0.26217,-0.235,-3.141,-0.279,1.191,0.601,0.856,0.757330117,17
0.32685,-0.94199,0.18928,-0.302,-3.059,-0.155,1.07,0.51,0.824,0.772817884,17
0.24955,-0.86828,0.18273,-0.302,-3.023,-0.334,1.352,0.604,0.801,0.677975226,17
0.5498,-2.6591,0.2912,-0.173,-2.903,0.026,1.111,-1.845,0.572,2.309010309,17
0.268888475,-0.97514,0.206285763,-0.575,-3.243,-0.302,1.469,0.783,1.044,0.746353933,17
0.269506203,-0.969612336,0.205824604,-0.575,-3.243,-0.302,1.469,0.707,1.044,0.741825642,17
0.319,-0.94635,0.2074,-0.232,-2.968,-0.226,1.24,0.522,0.956,0.780956705,17
0.267731071,-0.9706225,0.205822143,-0.575,-3.243,-0.302,1.469,0.707,1.044,0.740839222,17
0.268882782,-0.974285934,0.205450038,-0.575,-3.243,-0.302,1.469,0.707,1.006,0.743388102,17
0.268940769,-0.974948846,0.205588077,-0.575,-3.243,-0.302,1.469,0.707,1.006,0.743884225,17
0.269750208,-0.969106578,0.205177769,-0.575,-3.243,-0.302,1.469,0.707,1.006,0.741617484,17
0.2698125,-0.969427917,0.205272083,-0.575,-3.243,-0.302,1.469,0.707,1.006,0.742091472,17
0.26832198,-0.97317257,0.206817439,-0.575,-3.243,-0.302,1.469,0.707,1.006,0.743686931,17
0.40885,-1.06789,0.03758,-1.144,-3.707,-0.299,2.07,0.61,1.029,0.944349501,18
0.41829,-0.86248,0.0382,-0.78,-3.827,-0.287,1.915,0.827,0.733,0.795403259,18
0.4172,-0.95721,0.0086,-0.906,-3.745,-0.355,2.126,0.886,0.71,0.825169175,18
0.412774359,-0.935384103,0.034708462,-1.416,-4.258,-0.534,2.853,1.114,1.155,0.889754534,18
0.413186116,-0.93684738,0.034154241,-1.416,-4.258,-0.534,2.853,1.114,1.155,0.892169775,18
0.43341,-1.05329,0.01069,-0.809,-3.713,-0.361,2.208,0.827,0.874,0.895855544,18
0.412384722,-0.933623333,0.034926667,-1.416,-4.258,-0.534,2.853,1.114,1.155,0.892185791,18
0.3725,-1.8405,-0.173,0.299,-2.059,-0.199,0.446,-1.622,-0.147,1.0849276,18
0.412436099,-0.938903695,0.034884918,-1.416,-4.258,-0.534,2.853,1.114,1.155,0.895606165,18
0.39625,-1.10495,-0.01647,-1.032,-3.739,-0.419,2.032,0.718,0.768,0.917938502,18
0.38985,-0.74614,0.02142,-0.56,-3.466,-0.326,2.205,0.739,0.771,0.736561667,18
0.47315,-1.1145,-0.00456,-0.686,-3.727,-0.534,2.229,1.114,0.889,1.081806814,18
0.42226,-0.7717,0.05519,-0.912,-3.663,-0.37,2.463,1.07,0.695,0.83974898,18
0.1872,0.2495,0.181,-0.284,-0.111,0.059,1.238,0.61,0.252,0.113033679,18
0.412906343,-0.933291418,0.038714925,-1.416,-4.258,-0.496,2.853,1.067,1.155,0.893511419,18
0.413163336,-0.933352421,0.038178709,-1.416,-4.258,-0.496,2.853,1.067,1.155,0.893703568,18
0.39349,-0.82282,0.03516,-0.765,-3.806,-0.413,2.352,0.947,1.029,0.816430025,18
0.414086,-0.938004,0.0382968,-1.416,-4.258,-0.496,2.853,1.067,1.155,0.897185269,18
0.413404431,-0.936460035,0.039086881,-1.416,-4.258,-0.496,2.812,1.067,1.155,0.895375111,18
0.413443913,-0.93566,0.039233043,-1.416,-4.258,-0.496,2.812,1.067,1.155,0.895219995,18
0.414061846,-0.936217888,0.040267364,-1.416,-4.258,-0.49,2.812,1.067,1.155,0.895727126,18
0.413957619,-0.935248095,0.04055,-1.416,-4.258,-0.49,2.812,1.067,1.155,0.895368865,18
0.41414511,-0.933450053,0.041034175,-1.416,-4.258,-0.49,2.812,1.067,1.155,0.891294856,18
-0.21556,-0.87709,0.44446,-2.812,-3.859,-0.71,1.185,0.865,2.977,1.107358066,19
-0.13442,-0.78554,0.32514,-2.126,-3.962,-0.727,0.689,0.836,2.991,0.832410641,19
-0.17582,-1.01619,0.40147,-2.481,-3.61,-0.657,1.24,0.903,2.824,1.024300017,19
-0.177656061,-0.890967879,0.387750606,-3.009,-4.223,-0.809,1.783,0.944,3.103,0.963783505,19
-0.17737234,-0.893105738,0.388348807,-3.009,-4.223,-0.809,1.783,0.944,3.103,0.964347032,19
-0.19594,-0.96828,0.40155,-2.733,-3.695,-0.663,1.282,0.783,2.821,1.072851766,19
-0.176874667,-0.891158333,0.388120667,-3.009,-4.223,-0.809,1.783,0.944,3.103,0.961282784,19
-0.122,-0.966,0.0425,-0.191,-1.067,0.026,-0.053,-0.865,0.059,0.2402895,19
-0.177464841,-0.892060326,0.387315322,-3.009,-4.223,-0.809,1.783,0.944,3.103,0.958733811,19
-0.17676,-0.77418,0.36445,-2.334,-4.223,-0.625,1.003,0.783,2.804,0.856552619,19
-0.1662,-1.04272,0.45999,-2.428,-3.727,-0.672,1.106,0.815,2.935,1.104175173,19
-0.18232,-0.83368,0.36431,-2.66,-3.713,-0.683,1.282,0.842,2.933,1.035451536,19
-0.16436,-0.83644,0.32697,-2.49,-3.554,-0.698,1.284,0.754,2.575,0.819104734,19
-0.127,-2.4482,1.1862,-0.777,-3.015,0.337,0.24,-1.68,2.317,2.600302828,19
-0.177833645,-0.897308879,0.391820093,-3.009,-4.185,-0.809,1.783,0.944,3.103,0.962814098,19
-0.179061938,-0.893493506,0.389545455,-3.009,-4.185,-0.809,1.783,0.944,3.103,0.963211636,19
-0.19123,-0.97672,0.43871,-2.27,-4.185,-0.724,0.93,0.792,2.83,1.092327311,19
-0.178321053,-0.889795789,0.387387895,-3.009,-4.135,-0.809,1.783,0.944,3.103,0.957437148,19
-0.180309636,-0.890602233,0.390806698,-3.009,-4.135,-0.809,1.783,0.944,3.103,0.965028013,19
-0.179895294,-0.890978824,0.391012941,-3.009,-4.135,-0.809,1.783,0.944,3.103,0.96587001,19
-0.181095206,-0.898007324,0.39426964,-3.009,-4.135,-0.809,1.783,0.944,3.103,0.970058269,19
-0.181123333,-0.89879,0.394422,-3.009,-4.135,-0.809,1.783,0.944,3.103,0.97106872,19
-0.176107527,-0.899942396,0.400765745,-3.009,-4.135,-0.754,1.783,0.944,3.103,0.977767104,19
0.33351,-0.95957,-0.00701,-0.865,-4.868,-1.531,1.947,0.481,0.83,0.998639013,20
0.19422,-0.98408,-0.0234,-0.862,-4.551,-1.815,1.903,0.692,0.883,0.992162554,20
0.23307,-0.89325,-0.03378,-0.988,-4.754,-2.114,1.804,0.478,1.205,0.943756392,20
0.108321613,-1.004671613,-0.160286452,-1.141,-5.041,-2.299,3.472,0.724,1.346,0.461991344,20
0.101493453,-1.001166437,-0.164657478,-1.138,-5.026,-2.299,3.472,0.724,1.346,0.415960463,20
0.25523,-1.05671,-0.04041,-1.138,-5.026,-1.484,2.07,0.569,1.255,1.16024194,20
0.0959275,-0.999510357,-0.169307857,-1.041,-4.947,-2.299,3.472,0.724,1.346,0.389372184,20
0.0645,-0.9755,-0.299,0.059,-0.977,-0.299,0.07,-0.974,-0.299,0.222864267,20
0.079732614,-1.003435252,-0.177219424,-1.041,-4.889,-1.672,3.472,0.692,1.346,0.31447496,20
0.14173,-1.07335,-0.19465,-1.021,-4.815,-1.672,1.938,0.692,0.798,0.983182887,20
0.19597,-0.90035,-0.03485,-1.041,-4.889,-1.196,3.472,0.205,1.346,0.805458062,20
0.15731,-1.04177,-0.16737,-0.924,-2.405,-1.123,2.155,0.194,0.355,0.540601958,20
0.16309,-1.02834,-0.06829,-0.566,-2.12,-0.557,1.88,0.249,0.361,0.453621887,20
0.662,-1.478,-0.1197,0.103,-2.012,-0.49,1.021,-1.091,0.111,0.897215059,20
0.06352449,-1.00444949,-0.194485714,-0.446,-2.012,-0.584,1.021,-0.434,0.252,0.236342161,20
0.060556604,-1.002486681,-0.199898446,-0.314,-1.821,-0.531,0.695,-0.434,0.252,0.22927784,20
0.06712,-0.98549,-0.12782,-0.314,-1.622,-0.431,0.695,-0.531,0.082,0.247859703,20
0.059851765,-1.003154706,-0.204287059,-0.302,-1.821,-0.531,0.692,-0.434,0.252,0.227796248,20
0.054636485,-1.003260985,-0.206417443,-0.302,-1.578,-0.531,0.648,-0.51,0.252,0.222957369,20
0.054533333,-1.003511333,-0.206456,-0.302,-1.578,-0.531,0.648,-0.51,0.252,0.223014242,20
0.053505376,-1.001884025,-0.210602919,-0.264,-1.578,-0.481,0.607,-0.525,0.252,0.21863149,20
0.053363846,-1.001541538,-0.210356154,-0.264,-1.578,-0.481,0.607,-0.525,0.252,0.218423655,20
0.054423775,-1.000516334,-0.215279492,-0.264,-1.466,-0.481,0.601,-0.525,0.252,0.215159482,20
0.2381,-0.9187,0.37681,-0.76,-4.079,-0.557,1.977,1.214,4.088,1.234568422,21
0.23189,-1.04928,0.3079,-0.912,-4.463,-0.66,1.927,1.287,3.68,1.017597901,21
0.25402,-0.87584,0.31852,-0.698,-4.466,-0.78,1.762,1.15,3.138,1.006964344,21
0.228190667,-0.919492667,0.333447,-1.367,-4.575,-0.927,2.331,1.762,4.208,1.047343942,21
0.227851178,-0.918178087,0.333084226,-1.367,-4.575,-0.927,2.331,1.762,4.208,1.048650976,21
0.26897,-0.91098,0.39621,-0.982,-4.194,-0.475,2.22,1.041,3.023,1.15783447,21
0.226327407,-0.918050741,0.330894074,-1.367,-4.575,-0.927,2.331,1.762,4.208,1.044865065,21
0.3125,-1.969,0.1465,0.235,-2.158,0.044,0.39,-1.78,0.249,1.315311867,21
0.227338468,-0.917107827,0.331133222,-1.367,-4.575,-0.927,2.331,1.762,4.208,1.046002206,21
0.20758,-0.7778,0.33714,-1.179,-4.405,-0.587,2.141,1.578,4.114,1.009472167,21
0.21517,-0.99949,0.29609,-0.736,-4.364,-0.537,1.674,1.346,3.716,0.942728961,21
0.21355,-1.00584,0.38548,-0.798,-4.05,-0.437,1.733,1.519,4.026,1.184824006,21
0.22151,-0.81136,0.29975,-1.367,-4.261,-0.927,2.067,1.37,2.616,0.925638652,21
0.5034,0.3069,-0.0467,0.323,-0.768,-0.411,0.674,1.217,0.282,0.261941499,21
0.23206631,-0.91554492,0.331294652,-1.164,-4.575,-0.798,2.331,1.61,4.208,1.049885876,21
0.232105758,-0.919434783,0.332008813,-1.164,-4.575,-0.718,2.331,1.61,4.208,1.048302322,21
0.23755,-0.81961,0.2778,-0.771,-4.282,-0.657,2.29,1.199,4.141,0.921741167,21
0.231646875,-0.924525,0.33616,-1.164,-4.575,-0.718,2.331,1.61,4.208,1.056282645,21
0.233407275,-0.917238944,0.339284593,-1.164,-4.575,-0.718,2.331,1.61,4.208,1.058302302,21
0.233307143,-0.915880714,0.340135714,-1.164,-4.575,-0.718,2.331,1.61,4.208,1.058171869,21
0.235887687,-0.91224792,0.342390183,-1.164,-4.575,-0.589,2.331,1.61,4.208,1.057833603,21
0.235745,-0.913248333,0.343049167,-1.164,-4.575,-0.589,2.331,1.61,4.208,1.057565661,21
0.236621756,-0.925689621,0.345733533,-1.062,-4.575,-0.589,2.331,1.61,4.208,1.080351549,21
0.34188,-0.88137,0.01112,-0.516,-4.328,-1.012,2.232,0.545,0.683,0.786348015,22
0.38616,-0.955,-0.01429,-0.545,-4.15,-0.774,2.062,0.613,0.572,0.879965527,22
0.37807,-0.90752,0.00723,-0.452,-4.534,-0.859,2.073,0.39,0.962,0.808296416,22
0.378086552,-0.949966207,0.012631034,-0.953,-4.9,-1.284,2.783,0.636,1.161,0.862900273,22
0.376840859,-0.950093264,0.013293856,-0.953,-4.9,-1.284,2.783,0.636,1.161,0.861613339,22
0.36369,-0.9481,0.00017,-0.422,-4.191,-0.827,1.871,0.592,0.777,0.859796906,22
0.377506538,-0.950714615,0.013637308,-0.953,-4.9,-1.284,2.783,0.636,1.161,0.862346052,22
0.449,-0.563,0.2505,0.446,-0.68,0.246,0.452,-0.446,0.255,0.2355311,22
0.378331017,-0.947789748,0.013655951,-0.953,-4.9,-1.284,2.783,0.636,1.161,0.865452327,22
0.36487,-0.94286,0.01265,-0.604,-4.434,-0.434,2.106,0.437,1.018,0.857084382,22
0.39469,-0.95894,0.03994,-0.572,-3.786,-0.768,2.161,0.349,0.73,0.867776465,22
0.38876,-0.95756,-0.05984,-0.443,-3.944,-0.856,2.226,0.56,0.457,0.859800329,22
0.3873,-0.96346,0.00831,-0.839,-3.481,-0.672,2.302,0.422,0.446,0.878944879,22
0.077,-1.1843,0.0264,-0.308,-2.46,-0.296,0.34,-0.716,0.252,0.502666907,22
0.373922472,-0.948221348,0.016767416,-0.953,-4.9,-1.284,2.783,0.636,1.161,0.860736197,22
0.369634831,-0.946779026,0.018331461,-0.953,-4.258,-1.059,2.672,0.636,1.076,0.855061574,22
0.32574,-0.95054,0.00015,-0.953,-3.927,-0.628,2.431,0.636,0.604,0.833621227,22
0.372557333,-0.946992667,0.019474,-0.777,-4.258,-1.059,2.672,0.531,1.076,0.857511181,22
0.378417819,-0.945667435,0.020927035,-0.601,-4.258,-1.059,2.672,0.531,1.076,0.857879903,22
0.378693077,-0.945475385,0.020932308,-0.601,-4.258,-1.059,2.672,0.531,1.076,0.858438364,22
0.379901996,-0.948931034,0.01522323,-0.601,-4.258,-1.059,2.672,0.531,1.076,0.860126068,22
0.380085455,-0.948369091,0.014998182,-0.601,-4.258,-1.059,2.672,0.531,1.076,0.860372064,22
0.385286031,-0.957301552,0.010441242,-0.601,-4.258,-1.059,2.393,0.531,1.076,0.868758279,22
0.02386,-0.579,0.70684,-0.619,-2.988,-0.581,0.962,0.63,5.528,1.228317745,23
0.08215,-0.73893,0.82582,-0.754,-2.628,-0.73,1.364,0.616,5.446,1.362996762,23
0.10288,-0.64557,0.75385,-0.695,-2.947,-0.689,1.205,0.528,5.006,1.239210124,23
0.072649286,-0.660431786,0.713425357,-0.965,-3.32,-0.977,1.613,0.9,6,1.228375222,23
0.073652959,-0.656860492,0.717316679,-0.965,-3.32,-0.977,1.613,0.9,6,1.231734983,23
0.11995,-0.67761,0.81877,-0.804,-2.994,-0.85,1.337,0.543,5.196,1.360551601,23
0.0714544,-0.6561936,0.7136048,-0.965,-3.32,-0.977,1.613,0.9,6,1.227525192,23
0.5645,-0.409,0.396,0.49,-0.484,0.367,0.639,-0.334,0.425,0.221355767,23
0.071339237,-0.657218438,0.712480472,-0.965,-3.32,-0.977,1.613,0.9,5.768,1.224201011,23
0.05671,-0.52731,0.56059,-0.862,-3.32,-0.977,1.188,0.9,5.481,1.096784973,23
0.07076,-0.78204,0.72358,-0.845,-3.073,-0.695,1.173,0.449,4.886,1.237411127,23
0.06038,-0.65356,0.83448,-0.809,-2.982,-0.507,0.774,0.672,5.455,1.423260855,23
0.11729,-0.5878,0.65795,-0.804,-2.771,-0.466,1.378,0.748,4.9,1.125085341,23
-0.2408,-1.848,2.3983,-0.774,-2.842,-0.22,0.575,-0.748,4.487,4.210521592,23
0.069364497,-0.664776923,0.721116568,-0.965,-3.17,-0.777,1.613,0.733,5.768,1.236198779,23
0.07105526,-0.666520639,0.709585885,-0.965,-3.132,-0.777,1.613,0.724,5.651,1.213090372,23
0.04774,-0.6443,0.60557,-0.965,-2.804,-0.581,0.977,0.572,4.375,0.988787575,23
0.072567143,-0.667493571,0.717836429,-0.947,-3.132,-0.777,1.613,0.724,5.651,1.229957873,23
0.073326955,-0.664455075,0.706755408,-0.947,-3.079,-0.771,1.613,0.724,5.651,1.211612355,23
0.073370833,-0.664629167,0.70785,-0.947,-3.079,-0.771,1.613,0.724,5.651,1.213153986,23
0.075186627,-0.668003992,0.706267465,-0.947,-3.079,-0.771,1.613,0.724,5.651,1.213500442,23
0.074874,-0.669355,0.707087,-0.947,-3.079,-0.771,1.613,0.724,5.651,1.215666087,23
0.069162095,-0.669028678,0.721908978,-0.947,-3.079,-0.771,1.613,0.724,5.651,1.247297894,23
0.42514,-0.88617,0.17473,0.29,-1.106,0.094,0.548,-0.71,0.29,0.32773428,24
0.33749,-0.9122,0.22013,0.182,-0.988,0.114,0.56,-0.78,0.311,0.321941882,24
0.40976,-0.89671,0.1083,0.276,-1.056,0.032,0.63,-0.765,0.199,0.317980632,24
0.408671481,-0.89310037,0.148054074,0.059,-1.349,-0.073,0.874,-0.29,0.446,0.328946103,24
0.403193845,-0.895330935,0.147013589,0.059,-1.349,-0.073,0.874,-0.29,0.446,0.32831019,24
0.42329,-0.86988,0.18806,0.317,-1.023,0.029,0.56,-0.669,0.282,0.32250747,24
0.402318333,-0.8964825,0.145303333,0.059,-1.349,-0.073,0.874,-0.29,0.446,0.328596923,24
0.55,-0.8565,0.0795,0.531,-0.883,0.056,0.569,-0.83,0.103,0.410740667,24
0.401605614,-0.896466223,0.145243102,0.059,-1.349,-0.073,0.874,-0.29,0.446,0.329372337,24
0.42921,-0.89544,0.2021,0.126,-1.331,-0.047,0.762,-0.29,0.431,0.354515587,24
0.39991,-0.86819,0.10887,0.243,-1.188,-0.059,0.674,-0.519,0.308,0.308432607,24
0.43731,-0.8991,0.12197,0.173,-1.334,-0.056,0.713,-0.575,0.352,0.345297477,24
0.38187,-0.88786,0.1794,0.258,-1.252,-0.038,0.569,-0.619,0.361,0.323255697,24
0.4882,-1.004,0.3169,0.361,-1.059,0.287,0.56,-0.918,0.343,0.462151459,24
0.40141125,-0.89783625,0.143203125,0.059,-1.349,-0.073,0.874,-0.484,0.446,0.329493249,24
0.40407418,-0.896831669,0.146568474,0.059,-1.349,-0.067,0.874,-0.484,0.446,0.330817119,24
0.41627,-0.89435,0.16995,0.091,-1.276,-0.067,0.689,-0.613,0.384,0.338130508,24
0.403274615,-0.897019231,0.144945385,0.059,-1.349,-0.059,0.874,-0.484,0.446,0.330389419,24
0.397029946,-0.89737931,0.147165154,0.059,-1.349,-0.059,0.815,-0.484,0.446,0.328922456,24
0.396855455,-0.897587273,0.147392727,0.059,-1.349,-0.059,0.815,-0.484,0.446,0.329011486,24
0.390192905,-0.903472284,0.143290466,0.059,-1.349,-0.059,0.815,-0.545,0.416,0.329163091,24
0.389837778,-0.903463333,0.143263333,0.059,-1.349,-0.059,0.815,-0.545,0.416,0.329033531,24
0.38805698,-0.906709402,0.14212963,0.091,-1.349,-0.059,0.739,-0.563,0.416,0.329023042,24
0.33613,-0.9654,0.20704,-1.062,-4.484,-0.346,1.824,1.023,1.39,0.974098385,25
0.34911,-0.8833,0.1789,-0.801,-4.434,-0.287,1.628,0.78,1.106,0.789611992,25
0.32996,-0.87095,0.16211,-0.891,-4.314,-0.258,1.44,0.839,1.047,0.865262014,25
0.354265385,-0.944307692,0.184878462,-1.194,-4.991,-0.46,2.276,1.147,1.733,0.901744423,25
0.352027893,-0.937126978,0.185746461,-1.194,-4.982,-0.46,2.276,1.147,1.733,0.898607645,25
0.36487,-0.87942,0.19688,-0.777,-4.982,-0.372,1.88,0.927,1.733,0.984869904,25
0.352196087,-0.939214348,0.185391739,-1.194,-4.698,-0.46,2.276,1.147,1.733,0.895166248,25
0.0355,-1.34,0.3405,-0.246,-1.598,0.185,0.317,-1.082,0.496,0.709208667,25
0.352827173,-0.938732268,0.186816184,-1.194,-4.698,-0.46,2.276,1.147,1.733,0.89770292,25
0.32438,-0.90025,0.21183,-0.85,-3.836,-0.425,1.771,1.067,1.076,0.788417124,25
0.33816,-1.06573,0.17827,-1.194,-4.07,-0.299,1.88,0.991,1.041,1.059930585,25
0.30866,-0.86179,0.18358,-1.164,-4.358,-0.296,1.944,0.845,1.199,0.881776438,25
0.34963,-0.85333,0.19356,-0.692,-4.205,-0.343,1.713,0.883,1.243,0.722849307,25
0.0915,-0.3564,0.1054,-0.214,-1.757,-0.161,0.422,0.938,0.311,0.393793868,25
0.361314,-0.935804,0.186975333,-1.161,-4.698,-0.46,2.276,1.147,1.733,0.901546806,25
0.363324885,-0.94364977,0.18784639,-1.062,-4.698,-0.46,2.276,1.147,1.733,0.910666368,25
0.36509,-1.04265,0.18304,-0.557,-4.639,-0.29,1.751,0.801,1.282,0.98219063,25
0.363426667,-0.9355525,0.1879925,-1.062,-4.698,-0.46,2.276,1.147,1.733,0.905752314,25
0.361341317,-0.946229541,0.185636727,-1.062,-4.698,-0.46,2.276,1.147,1.733,0.917826695,25
0.361647,-0.945234,0.185609,-1.062,-4.698,-0.46,2.276,1.147,1.733,0.918139861,25
0.361543641,-0.934881546,0.186397756,-1.062,-4.698,-0.46,2.276,1.147,1.733,0.904725496,25
0.362715,-0.93435625,0.18613375,-1.062,-4.698,-0.46,2.276,1.147,1.733,0.905950307,25
0.359930233,-0.950418605,0.188430233,-1.062,-4.698,-0.346,2.276,0.968,1.733,0.915548597,25
0.32282,-0.91986,0.18162,-0.891,-3,-0.457,2.1,0.604,0.868,0.823379146,26
0.3345,-1.06587,0.1681,-0.997,-2.947,-0.645,2.581,0.466,1.144,0.963980814,26
0.303764167,-0.943364583,0.190533333,-1.155,-3.504,-0.883,2.551,0.912,1.689,0.865398946,26
0.304742053,-0.949882834,0.191058583,-1.065,-3.504,-0.859,2.551,0.912,1.689,0.870484964,26
0.29716,-1.05071,0.14077,-0.616,-2.933,-0.604,1.827,0.519,1.044,0.85562828,26
0.304925714,-0.94523619,0.193593333,-1.065,-3.504,-0.859,2.551,0.912,1.689,0.871666091,26
0.6155,-1.2435,-0.1055,0.469,-1.323,-0.152,0.762,-1.164,-0.059,0.7147467,26
0.307364595,-0.949261376,0.193033851,-1.065,-3.252,-0.859,2.551,0.912,1.689,0.874725572,26
0.31749,-1.07031,0.24647,-0.924,-3.252,-0.616,2.059,0.56,1.689,0.983174552,26
0.40547,-0.8968,0.31895,-0.924,-2.88,-0.798,2.299,0.566,1.513,0.93593962,26
0.21881,-0.81529,0.12182,-0.815,-3.097,-0.587,2.12,0.525,1.405,0.728495684,26
0.351,-1.05135,0.22993,-1.032,-3.161,-0.859,2.349,0.504,1.425,0.984341575,26
0.3782,-1.024833333,0.296433333,-0.592,-2.947,-0.287,2.472,0.29,1.1,1.077141434,26
0.300923077,-0.943606923,0.181358462,-1.065,-3.214,-0.812,2.551,0.912,1.469,0.858353092,26
0.298830309,-0.956951906,0.175455535,-1.062,-3.214,-0.783,2.475,0.809,1.282,0.862676764,26
0.31854,-1.05022,0.15149,-0.78,-3.158,-0.654,1.982,0.516,1.27,0.915820608,26
0.296223,-0.94863,0.178115,-1.062,-3.214,-0.783,2.475,0.809,1.282,0.858414031,26
0.29538404,-0.964688279,0.175481297,-1.006,-3.214,-0.724,2.475,0.657,1.282,0.862897148,26
0.29477,-0.96532625,0.17614625,-1.006,-3.214,-0.724,2.475,0.657,1.282,0.864171988,26
0.29432392,-0.951332226,0.174493355,-1.006,-3.214,-0.724,2.475,0.657,1.282,0.850348799,26
0.295071667,-0.949635,0.17569,-1.006,-3.214,-0.724,2.475,0.657,1.282,0.850614415,26
0.295027363,-0.956179104,0.169529851,-1.006,-3.214,-0.724,2.475,0.657,1.246,0.852684909,26
0.22786,-0.99035,0.30626,-0.54,-3.891,-0.246,1.182,0.833,2.152,0.849871168,27
0.29962,-0.93819,0.3293,-1.091,-3.991,-0.76,1.806,0.795,2.331,1.031109982,27
0.25282,-0.93574,0.30263,-1.191,-3.924,-0.531,1.733,0.613,2.106,0.859048576,27
0.259721739,-0.939356522,0.309818261,-1.12,-4.185,-0.628,2.047,0.845,2.938,0.896746493,27
0.257809229,-0.941722645,0.311202664,-1.12,-4.185,-0.628,2.047,0.845,2.938,0.898043418,27
0.29239,-0.95096,0.34735,-0.883,-3.674,-0.211,1.026,0.674,2.27,0.932149364,27
0.256495,-0.9402655,0.3094985,-1.12,-4.185,-0.628,2.047,0.845,2.938,0.896116633,27
-0.723,-1.83,-0.107,-0.733,-1.859,-0.205,-0.713,-1.801,-0.009,0.614035867,27
0.256326087,-0.945061105,0.310638073,-1.12,-4.185,-0.628,2.047,0.845,2.938,0.902201777,27
0.21746,-0.88256,0.30195,-0.862,-3.724,-0.525,1.584,0.762,2.501,0.82924774,27
0.26086,-0.9754,0.30006,-0.587,-4.05,-0.296,1.358,0.845,2.543,0.972836369,27
0.25449,-0.94691,0.33608,-0.768,-3.683,-0.284,1.413,0.751,2.375,0.873576005,27
0.25251,-0.96455,0.3158,-0.906,-3.76,-0.452,1.422,0.633,2.419,0.948027365,27
0.271825,-0.816675,0.3207,-0.757,-2.214,-0.261,1.088,0.531,0.977,0.661972339,27
0.258513333,-0.941236667,0.308711667,-1.073,-4.185,-0.628,2.047,0.83,2.938,0.906238505,27
0.26355489,-0.934158683,0.312541916,-1.073,-4.185,-0.584,2.047,0.824,2.938,0.915782619,27
0.28464,-0.9701,0.27639,-0.924,-3.883,-0.399,1.232,0.587,2.238,0.940153528,27
0.261902222,-0.929777778,0.316647778,-1.073,-4.185,-0.584,2.047,0.824,2.938,0.913773116,27
0.267289174,-0.92345584,0.312534188,-1.073,-4.185,-0.584,1.648,0.824,2.938,0.909986689,27
0.268405714,-0.921632857,0.313364286,-1.073,-4.185,-0.584,1.648,0.824,2.938,0.910157169,27
0.263223108,-0.923063745,0.31300996,-1.073,-4.018,-0.584,1.648,0.809,2.938,0.900570977,27
0.266664,-0.919102,0.313506,-1.073,-4.018,-0.584,1.648,0.809,2.938,0.899348765,27
0.261440397,-0.934175497,0.315645695,-0.903,-4.018,-0.584,1.589,0.809,2.938,0.911140184,27
0.47823,0.85137,0.39002,-0.487,-1.953,-1,1.862,5.126,3.628,1.076187482,28
0.40134,0.82324,0.44329,-0.457,-2.246,-1.457,2.158,5.273,3.279,1.155739018,28
0.40159,0.89148,0.32135,-0.543,-1.147,-1.405,1.771,5.053,1.792,0.89978483,28
0.451366316,0.786741579,0.472015263,-1.106,-2.692,-2.015,2.487,5.61,4.196,1.076794642,28
0.452482374,0.782320212,0.476831375,-1.106,-2.692,-2.015,2.487,5.367,4.196,1.087528858,28
0.40217,0.96019,0.34971,-0.516,-1.17,-1.537,2,4.909,2.475,1.025774041,28
0.45518625,0.768873125,0.4846425,-1.106,-2.692,-2.015,2.487,5.367,4.196,1.089622863,28
0.466,0.9005,1.0705,0.46,0.827,1.059,0.472,0.974,1.082,0.079976267,28
0.446904762,0.780749616,0.470026882,-1.026,-2.692,-2.015,2.487,5.367,4.196,1.085908148,28
0.39222,0.88574,0.33595,-0.566,-1.191,-1.279,1.938,4.46,2.364,0.847355227,28
0.49359,0.84571,0.36616,-0.625,-0.944,-1.672,2.238,4.974,2.683,0.940364692,28
0.36521,0.84307,0.43933,-0.695,-1.798,-1.12,2.311,4.754,2.628,1.070320203,28
0.53585,0.79728,0.42829,-0.499,-1.205,-1.513,2.434,4.874,3.636,1.043591512,28
0.4635375,0.6946375,0.8374,-0.947,-2.692,-1.718,2.158,5.367,3.487,1.397759436,28
0.45414,0.778845,0.47474,-1.026,-2.396,-2.015,2.487,5.235,4.196,1.117547075,28
0.453141196,0.795963455,0.472146179,-1.026,-2.22,-1.83,2.487,5.235,4.196,1.102556101,28
0.44096,0.72175,0.47812,-0.595,-0.783,-1.24,2.457,5.235,2.232,1.032590917,28
0.455882,0.810952,0.47033,-1.026,-2.22,-1.83,2.487,5.176,4.196,1.121120439,28
0.464149007,0.792788079,0.504725166,-0.974,-2.22,-1.61,2.487,4.977,4.196,1.168523894,28
0.462816667,0.79391,0.50631,-0.974,-2.22,-1.61,2.487,4.977,4.196,1.174509471,28
0.414872549,0.816607843,0.522254902,-0.569,-2.22,-1.61,2.487,4.977,3.041,1.16539534,28
0.41584,0.8171,0.52472,-0.569,-2.22,-1.61,2.487,4.977,3.041,1.184946863,28
0.51042,0.83216,0.43351,-0.818,-1.839,-1.469,1.991,5.164,2.346,1.081026625,28
-0.40373,0.94864,0.08367,-2.783,-0.883,-0.833,0.434,4.991,0.762,0.971850886,29
-0.37012,0.91814,0.08933,-2.962,-0.836,-0.839,0.499,4.607,0.877,0.984454977,29
-0.39905,0.96145,0.1023,-2.648,-0.751,-0.66,0.437,3.962,1.114,0.951923056,29
-0.379211765,0.920256471,0.070576471,-3.428,-0.836,-0.909,0.745,5.018,1.132,0.948052464,29
-0.379454727,0.91681225,0.068472703,-3.428,-0.836,-0.909,0.745,5.018,1.132,0.943815723,29
-0.40263,0.93229,0.09105,-3.17,-0.701,-0.625,0.431,4.287,0.9,0.971659345,29
-0.377652143,0.917108571,0.066669286,-3.428,-0.836,-0.909,0.745,5.018,1.132,0.942960281,29
-0.1895,-0.5515,0.0905,-0.191,-0.613,0.067,-0.188,-0.49,0.114,0.084615767,29
-0.378313975,0.913948276,0.068552632,-3.428,-0.836,-0.909,0.642,5.012,1.132,0.934669069,29
-0.44022,0.94213,0.10613,-2.765,-0.786,-0.909,0.249,5.012,1.012,1.011622633,29
-0.33967,0.90342,-0.00475,-3.141,-0.836,-0.783,0.408,4.308,0.786,0.92803225,29
-0.40928,0.92616,0.10657,-3.056,-0.686,-0.798,0.375,4.985,1.132,1.011985582,29
-0.35964,0.90774,0.0361,-2.974,-0.68,-0.604,0.642,4.619,0.777,0.879815641,29
-0.40083,0.90382,0.09128,-2.522,-0.751,-0.845,0.331,4.622,1.015,0.931175527,29
-0.369616667,0.91451,0.0698,-3.428,-0.768,-0.798,0.619,4.777,1.003,0.924815142,29
-0.383004975,0.935776119,0.076385572,-3.428,-0.768,-0.798,0.578,4.777,1.003,0.964094431,29
-0.35929,0.903,0.08783,-2.739,-0.768,-0.798,0.243,4.408,0.874,0.941197147,29
-0.389376667,0.947193333,0.073236667,-3.428,-0.713,-0.73,0.578,4.777,1.003,0.971364413,29
-0.399431373,0.955598039,0.074019608,-3.428,-0.648,-0.619,0.578,4.331,0.933,0.956056531,29
-0.40375,0.98319,0.07055,-3.428,-0.648,-0.619,0.578,4.331,0.933,0.971104732,29
-0.38474,0.9163,0.07534,-3.141,-0.727,-0.818,0.437,4.592,0.877,0.998878753,29
-0.377029412,0.887460784,0.073970588,-3.141,-0.727,-0.818,0.437,4.592,0.877,0.983733498,29
-0.3746,0.925433333,0.072993333,-3.141,-0.727,-0.818,0.522,4.853,0.988,0.983727587,29
0.64472,-0.80275,0.27187,-0.466,-4.006,-0.757,2.437,0.56,1.718,0.996422318,30
0.55074,-0.70785,0.17827,-0.528,-3.848,-0.669,2.718,0.707,1.525,0.820604639,30
0.56627,-0.89633,0.26968,-0.736,-3.666,-0.499,2.695,0.768,1.604,0.932724285,30
0.584490667,-0.825426667,0.250610667,-0.806,-4.408,-1.126,2.757,0.874,2.296,0.953002796,30
0.584320276,-0.823804916,0.249816436,-0.806,-4.408,-1.126,2.757,0.874,2.296,0.946427797,30
0.5468,-0.6885,0.24055,-0.551,-3.897,-0.795,2.648,0.648,1.839,0.783364329,30
0.587333333,-0.8337825,0.250958333,-0.806,-4.408,-1.126,2.757,0.874,2.296,0.960067658,30
0.688,-1.572,0.022,0.663,-1.625,0.015,0.713,-1.519,0.029,1.080325467,30
0.57872949,-0.823176275,0.24313969,-0.806,-4.196,-1.126,2.757,0.736,2.296,0.937283279,30
0.56547,-0.762,0.17232,-0.762,-3.924,-0.452,2.757,0.613,1.528,0.907241557,30
0.52616,-0.82081,0.21931,-0.543,-3.522,-0.672,2.408,0.666,1.713,0.796451626,30
0.61429,-0.8981,0.26538,-0.666,-3.592,-0.871,2.499,0.648,1.669,1.010761688,30
0.54857,-0.84898,0.25706,-0.806,-4.196,-0.842,2.493,0.525,1.883,0.98485974,30
0.62408,-0.76614,0.29356,-0.625,-3.848,-1.126,2.663,0.657,2,0.964556773,30
0.5816025,-0.8253425,0.245865,-0.569,-3.927,-0.909,2.707,0.736,2.296,0.946408035,30
0.595569307,-0.834668317,0.244628713,-0.566,-3.927,-0.909,2.707,0.604,2.296,0.984976013,30
0.63449,-0.87025,0.25226,-0.457,-3.927,-0.883,2.554,0.604,1.824,1.032516746,30
0.55683,-0.8044,0.23875,-0.566,-3.642,-0.909,2.707,0.598,2.296,0.949620585,30
0.53708,-0.68948,0.24125,-0.481,-3.674,-1.038,2.223,0.677,2.041,0.749924746,30
0.55567,-0.85936,0.2597,-0.669,-3.95,-0.853,2.337,0.68,1.956,1.014688692,30
0.62341,-0.92235,0.29102,-0.651,-3.716,-0.713,2.768,0.633,2.111,1.02759488,30
0.572741722,-0.824907285,0.263046358,-0.669,-3.95,-1.038,2.768,0.68,2.111,0.926999938,30
0.575448,-0.808138,0.278186,-0.683,-4.076,-1.038,2.768,0.71,2.504,0.962061715,30
0.29713,0.91931,-0.0695,-1.035,-0.545,-1.413,1.648,3.261,0.754,0.70406138,31
0.35351,0.96005,-0.10161,-0.982,-0.628,-1.601,1.557,3.305,0.727,0.723384003,31
0.31778,0.98213,-0.09223,-0.654,-0.531,-1.63,1.408,3.126,0.944,0.754292776,31
0.322875,0.938568333,-0.058600833,-0.935,-0.619,-1.689,1.985,4.029,0.941,0.698275353,31
0.321757485,0.93860479,-0.048837325,-0.935,-0.619,-1.689,1.985,4.029,0.941,0.696119185,31
0.36022,0.95837,-0.04857,-0.842,-0.56,-1.689,1.669,2.795,0.9,0.67845272,31
0.318485556,0.933896667,-0.048267778,-0.935,-0.619,-1.686,1.985,4.029,0.941,0.696980429,31
0.2535,1.5235,-0.04,0.214,1.273,-0.238,0.293,1.774,0.158,0.5938824,31
0.319240864,0.926049834,-0.039519934,-0.935,-0.543,-1.686,1.985,4.029,0.941,0.695482078,31
0.36217,0.92418,-0.06532,-0.554,-0.452,-1.686,1.393,3.129,0.695,0.676526538,31
0.26635,0.92721,-0.02396,-0.935,-0.507,-1.375,1.501,3.355,0.598,0.681828564,31
0.35866,0.9117,-0.04183,-0.633,-0.472,-1.361,1.736,3.109,0.566,0.696424077,31
0.33961,0.93078,-0.03299,-0.768,-0.402,-1.416,1.985,3.223,0.845,0.742335501,31
0.27053,0.87942,-0.06768,-0.666,-0.543,-1.63,1.211,3.352,0.639,0.691063583,31
0.31633,0.97749,-0.00677,-0.669,-0.434,-1.358,1.519,4.029,0.941,0.69955896,31
0.31921,0.99417,-0.02247,-0.528,-0.449,-1.49,1.413,3.598,0.856,0.748855416,31
0.33362,0.97226,-0.06302,-0.686,-0.422,-1.328,1.361,3.516,0.856,0.730251951,31
0.27503,0.96566,-0.06342,-0.513,-0.692,-1.481,1.29,4.434,0.827,0.790032205,31
0.34572,0.99487,0.01164,-0.736,-0.598,-1.548,1.584,3.229,0.877,0.726149563,31
0.22082,0.94894,-0.02184,-0.806,-0.396,-1.411,1.408,3.267,0.698,0.702412211,31
0.36565,0.92923,-0.01341,-0.771,-0.484,-1.487,1.49,3.258,0.71,0.697675959,31
0.309328904,0.96657309,-0.028420266,-0.806,-0.692,-1.548,1.584,4.434,0.877,0.729356718,31
0.30764625,0.953575,-0.0226675,-0.806,-0.692,-1.548,1.584,4.434,1.091,0.728876938,31
-0.09195,-0.88844,0.12932,-1.519,-4.856,-0.713,0.853,0.581,1.267,0.759534536,32
-0.127,-1.04222,0.16479,-1.721,-4.54,-1.041,0.856,0.51,1.381,0.904501746,32
-0.10022,-1.10326,0.15602,-1.551,-4.827,-0.868,0.68,0.598,1.554,0.979893869,32
-0.130384,-1.003228,0.22886,-1.674,-5.238,-1.284,1.076,0.938,2.082,0.937427928,32
-0.132543046,-1.022188742,0.250168874,-1.674,-5.026,-1.003,1.018,0.938,2.082,0.928386387,32
-0.08921,-0.87773,0.22438,-1.674,-4.56,-0.933,0.833,0.768,2.082,0.825213214,32
-0.154995,-1.07826,0.264175,-1.598,-5.026,-1.003,1.018,0.938,1.73,0.960650283,32
-0.063,-1.022,-0.1645,-0.103,-1.038,-0.232,-0.023,-1.006,-0.097,0.2246035,32
-0.14943,-0.92933,0.29104,-1.367,-4.443,-0.804,0.572,0.856,1.457,0.922050914,32
-0.14745,-0.86083,0.29453,-1.721,-4.953,-0.76,0.557,0.792,1.789,0.84677197,32
-0.13427,-1.06884,0.24721,-1.264,-5.205,-0.645,0.569,0.757,1.24,0.99435634,32
-0.17123,-1.08094,0.3243,-1.545,-4.434,-0.645,0.628,0.927,1.66,0.994644521,32
-0.19468,-0.97866,0.32984,-1.572,-4.645,-0.768,0.51,0.853,1.786,0.975209798,32
-0.1882,-0.85795,0.3079,-1.698,-4.71,-0.777,0.493,0.959,1.716,0.878658371,32
-0.1641,-1.01959,0.28108,-1.692,-4.633,-0.897,0.683,0.93,2.062,0.919936113,32
-0.17781,-1.08025,0.35394,-1.988,-4.962,-0.63,0.663,0.845,2.053,1.069237954,32
-0.18368,-0.92216,0.28771,-1.645,-4.337,-0.786,0.587,0.853,2.012,0.940454287,32
-0.17513,-0.87109,0.31975,-1.563,-4.718,-0.853,0.584,0.777,1.862,0.834979791,32
-0.12157,-1.04066,0.1729,-1.545,-4.633,-1.097,0.721,0.918,2.003,0.969430207,32
-0.15563,-1.08507,0.29074,-1.633,-4.422,-0.9,0.865,0.798,1.73,0.982382762,32
-0.13524,-1.02425,0.22532,-1.534,-4.988,-0.93,0.994,0.56,1.924,1.009981289,32
-0.161182796,-0.98619278,0.28577573,-1.988,-5.205,-1.097,0.994,0.959,2.062,0.945969434,32
-0.161208,-0.974370667,0.286834667,-1.988,-5.205,-1.097,0.994,0.959,2.326,0.935323494,32
0.07788,-1.01555,0.01406,-0.848,-2.938,-0.959,0.947,0.375,0.716,0.643778174,33
0.14925,-0.99654,0.00472,-1.032,-2.933,-0.915,0.977,0.252,0.76,0.654089033,33
0.11716,-0.963,0.10276,-0.856,-2.56,-0.616,0.918,0.434,0.733,0.606870822,33
0.1118625,-1.0346775,0.025535,-0.956,-3.144,-1.023,0.938,0.416,0.977,0.620504123,33
0.115128713,-1.060717822,0.026866337,-0.953,-2.856,-0.877,0.933,0.387,0.977,0.627696626,33
0.09009,-1.06381,-0.04831,-0.891,-2.83,-0.877,0.821,0.331,0.642,0.595594119,33
0.14332,-1.07732,0.10229,-0.953,-2.856,-0.762,0.933,0.387,0.977,0.670584021,33
0.04865,-1.01055,-0.04622,-0.927,-2.754,-0.918,0.903,0.446,0.698,0.629497022,33
0.12443,-0.97492,0.07564,-1.138,-2.815,-0.804,0.889,0.287,0.757,0.631925107,33
0.09811,-0.96353,0.013,-0.871,-3.147,-0.903,0.806,0.405,0.716,0.590862803,33
0.13371,-0.9887,0.03286,-0.862,-2.68,-1.047,0.938,0.314,0.918,0.632799513,33
0.09983,-1.06888,0.02484,-0.85,-2.633,-0.871,0.979,0.501,0.645,0.620119151,33
0.08652,-1.05479,-0.02018,-0.935,-2.604,-0.968,0.909,0.34,0.689,0.600340732,33
0.1555,-1.03408,0.08575,-0.865,-2.83,-0.613,0.95,0.513,0.704,0.648586181,33
0.11155,-0.97902,-0.02027,-0.821,-2.651,-0.877,1.018,0.422,0.543,0.572708153,33
0.14415,-0.94255,0.0973,-0.833,-2.528,-0.713,0.862,0.481,0.789,0.564594706,33
0.07655,-1.00926,-0.04057,-0.806,-2.833,-1.152,0.941,0.493,0.654,0.589825249,33
0.08472,-1.0827,0.08667,-0.889,-2.613,-0.754,0.783,0.299,0.748,0.627002793,33
0.14486,-1.06597,-0.00162,-0.891,-2.883,-0.73,0.906,0.311,0.68,0.640679556,33
0.07061,-0.99961,0.04423,-0.889,-2.674,-0.883,1.062,0.543,0.762,0.639553389,33
0.14129,-0.95894,0.02418,-0.982,-2.727,-0.727,0.889,0.437,0.66,0.572625548,33
0.107982168,-1.00996291,0.025563481,-1.138,-3.147,-1.152,1.062,0.543,0.918,0.610480184,33
0.10266,-1.009690625,0.02528625,-1.138,-3.147,-1.152,1.062,0.543,0.918,0.610945849,33
0.27157,-1.02546,0.10041,-0.484,-3.44,-0.431,1.654,0.651,1.267,0.762876706,34
0.27502,-1.01895,0.11832,-0.496,-3.446,-0.504,1.848,0.604,1.481,0.810133159,34
0.35525,-0.87491,0.14373,-0.44,-3.545,-0.616,1.786,0.516,1.443,0.73426194,34
0.24225,-0.90585,0.08084,-0.361,-3.419,-0.622,1.815,0.56,1.097,0.7051612,34
0.29448,-1.06135,0.13185,-0.446,-3.531,-0.607,2.091,0.493,1.554,0.83157188,34
0.35689,-0.92525,0.14304,-0.396,-3.229,-0.683,1.897,0.466,1.375,0.784051594,34
0.26231,-0.82889,0.07649,-0.352,-3.114,-0.575,1.801,0.531,1,0.61840947,34
0.25548,-1.06606,0.13988,-0.44,-2.9,-0.487,1.974,0.452,0.935,0.778018179,34
0.34486,-0.99669,0.13984,-0.54,-3.261,-0.425,1.927,0.484,1.352,0.80052411,34
0.3389,-0.83553,0.09546,-0.396,-2.912,-0.592,2.047,0.578,1.079,0.689921117,34
0.21847,-0.98252,0.13827,-0.531,-2.918,-0.592,1.777,0.405,1.056,0.701053366,34
0.3341,-1.04293,0.11243,-0.472,-3.026,-0.595,2,0.484,1.182,0.798612542,34
0.31039,-0.89331,0.11473,-0.381,-3.111,-0.566,2.126,0.569,1.273,0.768871912,34
0.27032,-0.85923,0.15189,-0.504,-2.918,-0.528,1.982,0.584,1.317,0.644963538,34
0.30665,-1.05537,0.09066,-0.528,-3.264,-0.622,1.874,0.537,1.144,0.812416162,34
0.27016,-0.96114,0.11429,-0.457,-3.088,-0.425,1.886,0.455,1.287,0.758252646,34
0.33746,-0.84569,0.15974,-0.358,-2.997,-0.531,2,0.613,1.24,0.657248498,34
0.25522,-0.96414,0.12008,-0.475,-3.088,-0.443,1.953,0.522,1.352,0.751715025,34
0.27179,-1.05344,0.13645,-0.545,-2.845,-0.413,1.997,0.449,0.874,0.783210986,34
0.35908,-0.89872,0.1574,-0.258,-2.962,-0.543,2.041,0.475,1.232,0.720744103,34
0.25413,-0.84433,0.10084,-0.601,-2.962,-0.431,1.903,0.516,1.182,0.656236032,34
0.296838425,-0.947051116,0.124965922,-0.601,-3.531,-0.683,2.126,0.613,1.554,0.737053608,34
0.299438947,-0.955816316,0.126803684,-0.601,-3.531,-0.683,2.167,0.613,1.554,0.743238209,34
-0.39299,0.71512,-0.2752,-1.991,-0.683,-1.71,1.161,3.765,0.856,0.870814785,35
-0.29371,0.89038,-0.28994,-1.883,-0.639,-1.44,1.053,4.144,0.701,0.981311589,35
-0.33741,0.99925,-0.33048,-2.61,-0.628,-1.431,1.065,4.144,0.912,1.080721105,35
-0.344104,0.8759076,-0.3046604,-2.551,-0.724,-2.044,1.563,4.346,1.405,1.017008332,35
-0.342759774,0.880417029,-0.307747176,-2.551,-0.724,-1.918,1.563,4.346,1.405,1.018016561,35
-0.3213,0.95109,-0.34129,-2.129,-0.598,-1.581,1.147,3.93,0.71,1.047245444,35
-0.342653636,0.877762273,-0.306900909,-2.551,-0.724,-1.918,1.563,4.346,1.405,1.016615435,35
-1.1085,-0.5175,0.1745,-1.214,-0.525,0.132,-1.003,-0.51,0.217,0.335094967,35
-0.343494742,0.880731861,-0.309907466,-2.457,-0.724,-1.918,1.44,4.346,1.405,1.015429301,35
-0.34412,0.9716,-0.31007,-2.17,-0.724,-1.504,0.839,3.889,0.93,1.064572901,35
-0.28106,0.96898,-0.35778,-2.258,-0.61,-1.674,1.279,4.346,0.918,1.103357142,35
-0.42852,0.81981,-0.26404,-2.22,-0.578,-1.61,0.845,4.235,0.959,0.998248926,35
-0.26016,0.79601,-0.29114,-2.258,-0.636,-1.589,1.238,3.9,0.874,0.893851477,35
-0.03605,1.05975,-0.29955,-0.909,-0.337,-1.029,1.261,2.581,0.167,0.878903325,35
-0.347493571,0.872845,-0.311364286,-2.457,-0.71,-1.742,1.44,4.302,1.405,1.011641864,35
-0.344034942,0.876658902,-0.311766223,-2.284,-0.71,-1.742,1.44,4.302,1.302,1.010580038,35
-0.34362,0.81738,-0.29149,-2.182,-0.516,-1.472,1.308,3.636,1.141,0.976845141,35
-0.344063636,0.882124545,-0.313296364,-2.284,-0.71,-1.742,1.44,4.302,1.302,1.013507522,35
-0.347786031,0.868982262,-0.306579823,-2.284,-0.68,-1.742,1.44,4.302,1.302,1.003157214,35
-0.347943333,0.869001111,-0.306834444,-2.284,-0.68,-1.742,1.44,4.302,1.302,1.002893705,35
-0.347166667,0.875730769,-0.310639601,-2.284,-0.68,-1.742,1.44,4.302,1.302,1.010640838,35
-0.347144286,0.879548571,-0.311984286,-2.284,-0.68,-1.742,1.44,4.302,1.302,1.0126719,35
-0.341715139,0.86910757,-0.309952191,-2.261,-0.68,-1.742,1.17,4.032,1.062,0.986286432,35
0.41968,-0.73906,0.32546,-0.449,-2.636,-0.334,1.789,0.628,2.422,0.723798561,36
0.43799,-0.9387,0.34896,-0.252,-2.707,-0.346,1.982,0.645,2.446,0.805041134,36
0.51385,-0.81928,0.36074,-0.352,-2.762,-0.311,2.059,0.63,2.352,0.835073076,36
0.458247024,-0.828945238,0.405036548,-0.657,-3.035,-0.595,2.446,0.974,3.727,0.860696236,36
0.458413802,-0.828345769,0.405597781,-0.657,-3.035,-0.595,2.446,0.974,3.727,0.861300816,36
0.39035,-0.74319,0.3232,-0.223,-2.545,-0.484,1.76,0.713,2.584,0.683585377,36
0.459088889,-0.82919679,0.406403086,-0.657,-3.035,-0.595,2.446,0.974,3.727,0.863056621,36
1.8955,-2.038,1.886,1.674,-2.076,1.021,2.117,-2,2.751,4.435530967,36
0.459509869,-0.826594591,0.407720841,-0.657,-3.035,-0.595,2.446,0.974,3.727,0.863899842,36
0.44002,-0.75892,0.33055,-0.419,-2.648,-0.296,1.868,0.748,2.452,0.719960618,36
0.45784,-0.88805,0.40871,-0.311,-2.66,-0.399,1.997,0.657,2.83,0.950875751,36
0.48103,-0.86002,0.40242,-0.434,-2.437,-0.381,1.798,0.748,2.677,0.842794429,36
0.41391,-0.81014,0.3373,-0.311,-2.95,-0.367,1.686,0.736,3.091,0.775502672,36
0.8053,-1.4547,0.8096,0.387,-2.12,-0.006,1.243,-0.613,1.402,1.351191559,36
0.460872511,-0.825207132,0.413551709,-0.657,-3.035,-0.595,2.446,0.974,3.727,0.867375796,36
0.460016897,-0.824309209,0.41169755,-0.657,-3.035,-0.595,2.446,0.974,3.727,0.866318378,36
0.452776316,-0.821486842,0.383471053,-0.469,-2.93,-0.472,2.114,0.845,3.208,0.850810068,36
0.460906571,-0.825803857,0.412390429,-0.657,-3.035,-0.595,2.446,0.974,3.727,0.868314117,36
0.460623921,-0.824638054,0.413406724,-0.657,-3.035,-0.595,2.446,0.974,3.727,0.867502231,36
0.460455882,-0.824591176,0.412843382,-0.657,-3.035,-0.595,2.446,0.974,3.727,0.866952849,36
0.46001954,-0.823999546,0.414478037,-0.657,-3.035,-0.595,2.446,0.974,3.727,0.867461446,36
0.459696061,-0.823624091,0.413785152,-0.657,-3.035,-0.595,2.446,0.974,3.727,0.866326179,36
0.459783661,-0.823014839,0.414882224,-0.657,-3.035,-0.595,2.446,0.974,3.727,0.866342612,36